id,name,singer,detected_key,confidence,first_chord,last_chord,num_chords,status,final_key
1000001,"בך לא נוגע","יהודית רביץ",F,0.49,F,C,96,low-confidence,F
1000002,"חלומות שמורים","מתי כספי",Em,1,Em,E,74,ok,Em
1000003,"משחק של דמעות","נקמת הטרקטור",C,0.48,Em,C,86,low-confidence,C
1000004,"בלילות של ירח מלא","ערן צור",Bm,1,Bm,E,78,ok,Bm
1000005,"יעלה ויבוא","גידי גוב",D,1,D,D,110,ok,D
1000006,"ניצוצות","פורטיסחרוף",Am,0.51,Am,D,120,low-confidence,Am
1000007,"יש לי חדר משלי","ארקדי דוכין",E,0.87,E,E,139,ok,E
1000008,"עד הקצה","דנה ברגר",F,1,F,F,71,ok,F
1000009,"קח לך","שלום חנוך",D,1,D,A,118,ok,D
1000010,"פרפרים לבנים","אורי בנאי",Bm,1,Bm,Bm,117,ok,Bm
1000011,"היא כל כך יפה","כוורת",E,0.76,E,Db,153,ok,E
1000013,"כשזה עמוק","קורין אלאל",G,1,G,G,111,ok,G
1000014,"מדינה קטנה","כוורת",Em,0.36,G,Em,158,low-confidence,Em
1000015,"אצלי הכל בסדר","החלונות הגבוהים",E,1,E,E,140,ok,E
1000016,"הנסיך הקטן","קצת אחרת",Dm,1,Dm,Dm,87,ok,Dm
1000017,"כשאלוהים אמר בפעם הראשונה","מתי כספי",Em,1,Em,Em,129,ok,Em
1000018,"אני רואה אותה בדרך לגימנסיה","אריק איינשטיין",E,1,E,E,122,ok,E
1000019,"גשם כבד עומד ליפול","אביב גפן",G,1,G,C,133,ok,G
1000020,"תמיד יחכו לך","לאה שבת",A,1,A,A,119,ok,A
1000021,"שיר תשרי","חוה אלברשטיין",Dm,0.63,D,G,174,ok,Dm
1000022,"כל כיוון","רוקפור",Dm,1,Dm,Dm,102,ok,Dm
1000023,"מכונת הזמן","רוקפור",C,1,C,Em,75,ok,C
1000024,"יונתן, סע הביתה","אושיק לוי",Dm,1,A,Dm,93,ok,Dm
1000025,"מדברים על שלום","מוקי",Em,1,Em,Em,112,ok,Em
1000027,"חור בלבנה","רוקפור",Am,0.51,Bm,F,75,low-confidence,Am
1000028,"באמונה עיוורת","ברי סחרוף",A,1,A,A,117,ok,A
1000029,"סוף העונה","גלי עטרי",Bm,1,Bm,Cm,160,ok,Bm
1000030,"מודדת","ירמי קפלן",C,0.47,Am,Cm,104,low-confidence,C
1000031,"האיש שראה הכול","רוקפור",C,1,A,C,74,ok,C
1000032,"אמצע ספטמבר","גלי עטרי",Dm,1,Dm,Gm,150,ok,Dm
1000033,"פראג","אריק איינשטיין",Em,1,Em,Em,117,ok,Em
1000034,"ככלות הקול והתמונה","דני בסן",G,0.48,C,A,145,low-confidence,G
1000035,"אגדת דשא","אושיק לוי",F#m,1,Bm,F#m,157,ok,F#m
1000036,"ימים לבנים","קצת אחרת",D,0.82,D,G,108,ok,D
1000037,"שיר בין ערביים","קצת אחרת",A,0.41,A,D,106,low-confidence,A
1000038,"שיר אהבה ישן","חוה אלברשטיין",Bm,1,Bm,Bm,44,ok,Bm
1000039,"חלומות","רוחמה רז",Cm,1,Cm,Cm,90,ok,Cm
1000040,"הכוכבים דולקים על אש קטנה","משינה",G,0.61,G,Em,105,ok,G
1000041,"רוני","גזוז",G,1,G,G,132,ok,G
1000042,"ילדים של החיים","אריק איינשטיין",A,0.51,A,C,102,low-confidence,A
1000043,"לבן על לבן","דן תורן",Em,0.84,Em,Em,110,ok,Em
1000044,"סליחות","יהודית רביץ",Am,1,Am,Am,118,ok,Am
1000045,"אהבה יומיומית","יהודית רביץ",Dm,0.82,Dm,A,76,ok,Dm
1000046,"דרכנו","דני בסן",Dm,0.79,Dm,A,144,ok,Dm
1000047,"הגלשן","דני סנדרסון",G,1,G,Ab,76,ok,G
1000048,"אהוב יקר","רונית שחר",Em,0.59,Em,Am,103,ok,Em
1000049,"חורף 73","להקת חיל חינוך",Cm,1,Fm,Cm,120,ok,Cm
1000050,"נתתי לה חיי","כוורת",Em,1,Em,Em,163,ok,Em
1000051,"יורם","יהודה פוליקר",Am,0.65,Am,Em,86,ok,Am
1000052,"דני","משינה",Em,0.77,Em,G,79,ok,Em
1000053,"איש קש","מוניקה סקס",C,0.42,Am,C,85,low-confidence,C
1000054,"התעשיה האבירית","קורין אלאל",F#m,0.98,F#m,Bm,93,ok,F#m
1000055,"יותר טוב כלום","עברי לידר",F,1,F,F,74,ok,F
1000056,"מעיין","קורין אלאל",Em,1,Em,Am,116,ok,Em
1000057,"גיטרה וכינור","שלום חנוך",Em,0.56,C,Em,125,ok,Em
1000058,"אור הירח","אביב גפן",E,1,E,Bbm,107,ok,E
1000059,"הכעס","רוקפור",D,1,Dm,D,111,ok,D
1000060,"גן נעול","שוקי ודורית",Em,1,Em,Em,124,ok,Em
1000061,"קפה אצל ברטה","הנשמות הטהורות",Em,1,Em,C,129,ok,Em
1000062,"ציף ציף מעל הרציף","דני ליטני",Em,1,Em,Db,162,ok,Em
1000063,"עכשיו","ג'וני שועלי",Am,0.7,Am,F,117,ok,Am
1000064,"אני אוהב","הכבש השישה עשר",G,0.75,G,C#m,98,ok,G
1000065,"אל תשאלי אם אני אוהב","דיוויד ברוזה ונימרוד לב",C,1,C,C,93,ok,C
1000066,"אני ואתה","אריק איינשטיין",Em,1,Em,A,130,ok,Em
1000067,"אימפריות נופלות לאט","דן תורן",G,1,G,D,103,ok,G
1000068,"משבר אמון","דני ליטני",G,0.42,G,Am,185,low-confidence,G
1000069,"כמה טוב שבאת הביתה","אריק איינשטיין",A,0.97,B,A,123,ok,A
1000070,"לכבוד הקיץ","גזוז",A,1,A,Em,207,ok,A
1000071,"תן לשים ת'ראש על דיונה","הגשש החיוור",E,1,E,E,117,ok,E
1000072,"יכול להיות שזה נגמר","שם טוב לוי",A,0.95,A,D,165,ok,A
1000073,"כהה כהה","שלום חנוך",E,0.85,D,E,120,ok,E
1000074,"המכשפות","המכשפות",Cm,1,Cm,Cm,108,ok,Cm
1000075,"מה איתי","החלונות הגבוהים",Dm,1,Dm,Dm,102,ok,Dm
1000076,"יש לי ציפור קטנה בלב","יגאל בשן",A,0.96,A,Bb,99,ok,A
1000077,"ארץ קטנה עם שפם","קורין אלאל",Am,0.44,Dm,C,63,low-confidence,Am
1000078,"גוליית","כוורת",A,0.95,A,E,245,ok,A
1000079,"גן סגור","הכבש השישה עשר",E,0.51,E,D,125,low-confidence,E
1000080,"הבלדה על יואל מוישה סלומון","אריק איינשטיין",A,1,A,A,99,ok,A
1000081,"סע לאט","אריק איינשטיין",C,1,C,G,168,ok,C
1000082,"זיוה","פוליאנה פרנק",F#m,1,F#m,B,117,ok,F#m
1000083,"שלא יגמר לי הלילה","הנשמות הטהורות",Em,1,Em,Em,125,ok,Em
1000084,"החדר האינטימי שלי","תערובת אסקוט",G,1,G,G,77,ok,G
1000085,"רוצה שנית","מאחורי הצלילים",F#m,0.36,Bm,D,95,low-confidence,F#m
1000086,"דרך הכורכר","אריק סיני",C,1,Dm,C,175,ok,C
1000087,"מה יהיה בסופינו","נורית גלרון",A,1,A,E,119,ok,A
1000088,"דוד ושאול ","אהוד בנאי",Em,1,Em,Em,125,ok,Em
1000089,"שמתי לי פודרה","אביתר בנאי ואפרת בן צור",A,1,A,A,74,ok,A
1000090,"שירו של שפשף","מאיר בנאי",Dm,1,Dm,Dm,77,ok,Dm
1000091,"מרוב אהבתי ","ארקדי דוכין",Em,1,Em,Em,106,ok,Em
1000092,"מה שעובר עלי ","איפה הילד",Em,0.88,G,C,94,ok,Em
1000093,"עברתי רק כדי לראות","אסתר שמיר",Dm,1,Dm,Dm,158,ok,Dm
1000094,"המגפיים של ברוך","כוורת",Am,1,Am,D,178,ok,Am
1000095,"בלוז כנעני","אהוד בנאי",Am,0.69,Dm,Dm,46,ok,Am
1000096,"כמו רוח","שרית וינו אלעד",Bm,0.7,Bm,Bm,69,ok,Bm
1000097,"יושב על הגדר","אריק איינשטיין",Am,1,Am,Am,96,ok,Am
1000098,"ואיך שלא","אריאל זילבר",G,0.64,Em,G,92,ok,G
1000099,"ספינת הזכרונות","נתנאלה",Em,1,Em,Em,172,ok,Em
1000100,"חלום כחול","פורטיסחרוף",D,1,D,D,124,ok,D
1000101,"מאיה","שלום חנוך",C,0.4,Dm,C,67,low-confidence,C
1000102,"כמו בלדה","האחים והאחיות",Em,1,Em,Em,129,ok,Em
1000103,"נח","מתי כספי ושוקולד מנטה מסטיק",E,0.94,Em,E,132,ok,E
1000104,"נפולאון","יוני בלוך",E,1,E,E,89,ok,E
1000105,"פרח הלילך","חוה אלברשטיין",Em,1,Em,Em,108,ok,Em
1000106,"עכשיו טוב","גלעד שגב",Bm,0.65,Bm,D,109,ok,Bm
1000107,"רגע מתוק וקצר","קובי הרי",E,0.71,C,E,135,ok,E
1000108,"נגעה בשמיים","משינה",Am,0.45,Am,F,132,low-confidence,Am
1000109,"היא התווכחה איתו שעות","משינה",Am,1,Am,Am,151,ok,Am
1000110,"הדפוק הזה","ירמי קפלן",C,1,C,C,108,ok,C
1000111,"יומולדת","ברי סחרוף",D,0.71,D,A,69,ok,D
1000112,"זה הכל בשבילך (דון קישוט)","דני סנדרסון ומזי כהן",C,0.55,Am,F,142,ok,C
1000113,"גשם","אלי לוזון",D,0.74,G,B,95,ok,D
1000114,"אהבת נעורי","שלום חנוך",Dm,1,Dm,Dm,150,ok,Dm
1000115,"נשל הנחש","מאיר אריאל",D,1,D,D,120,ok,D
1000116,"שיר אהבה בדואי","דיויד ברוזה",Em,1,Em,Em,124,ok,Em
1000117,"ילדי הירח","שלמה יידוב",E,1,E,E,157,ok,E
1000118,"אם תלך","הפרוייקט של עידן רייכל",Am,0.72,Am,Am,95,ok,Am
1000119,"השמיים הכחולים","אסף אמדורסקי",A,1,A,A,65,ok,A
1000120,"מי אוהב אותך יותר ממני","ארקדי דוכין",Gm,0.44,Bb,Am,97,low-confidence,Gm
1000121,"ממעמקים","הפרוייקט של עידן רייכל",Am,1,Am,Am,127,ok,Am
1000122,"היא לא יודעת מה עובר עלי","שלמה ארצי",Em,1,Am,Em,143,ok,Em
1000123,"איך שיר נולד","הכבש השישה עשר",G,0.33,F,G,89,low-confidence,G
1000124,"פרחים בקנה","להקת חיל התותחנים",Am,1,Am,Bbm,123,ok,Am
1000125,"הילדה הכי יפה בגן","הכבש השישה עשר",G,0.38,G,Eb,79,low-confidence,G
1000126,"רציתי שתדע","עוזי חיטמן",Dm,1,Dm,Dm,184,ok,Dm
1000127,"סוס עץ","אריק איינשטיין",Em,1,Em,Em,202,ok,Em
1000128,"קשה לי לא להתרגש","ג'קו אייזנברג ומאיה רוטמן",Ab,1,Ab,Ab,72,ok,Ab
1000129,"הידעת את הדרך","אפרים שמיר ושם טוב לוי",G,1,G,Bbm,67,ok,G
1000130,"נפלת חזק","איפה הילד",F#,0.37,F#m,Eb,132,low-confidence,F#
1000131,"הבא בתור הוא סוס","נושאי המגבעת",D,1,D,G,220,ok,D
1000132,"מישהו שומע אותי","איפה הילד",G,0.66,G,C,50,ok,G
1000133,"שומר החומות","להקת פיקוד מרכז",Dm,1,Dm,Dm,124,ok,Dm
1000134,"מחכים למשיח","שלום חנוך",Cm,0.64,Bm,Cm,96,ok,Cm
1000135,"לאבד אותך","שי סאבי לוי",Dm,0.99,Dm,Bb,121,ok,Dm
1000136,"אחרי שנסעת","מתי כספי",Bm,1,Bm,Bm,95,ok,Bm
1000137,"רכבות 68-80-88","דני רובס",C#m,1,A,Dm,144,ok,C#m
1000138,"סוף עונת התפוזים","תמוז",A,1,A,Dm,167,ok,A
1000139,"עד העונג הבא","המכשפות",Em,0.74,Em,Em,85,ok,Em
1000140,"למה לי פוליטיקה עכשיו","משינה",Dm,0.61,Gm,Gm,108,ok,Dm
1000141,"בראשית","גבי שושן",Am,0.47,Dm,Am,84,low-confidence,Am
1000142,"חתול מפלצת","פורטיסחרוף",D,0.75,D,Am,98,ok,D
1000143,"תשע בכיכר","גזוז",G,1,G,G,195,ok,G
1000144,"כולם אומרים","שלומי שבן",E,0.51,F,C,106,low-confidence,E
1000145,"יוצא לאור","אהוד בנאי",Am,1,Am,Am,74,ok,Am
1000146,"נרדם על החולות","ג'קו אייזנברג",G,1,G,F,89,ok,G
1000147,"זה כל הקסם","נמרוד לב ואורלי פרל",E,1,E,E,119,ok,E
1000148,"אני גיטרה","בני אמדורסקי",Am,1,Am,Am,106,ok,Am
1000149,"סיון","יגאל בשן",Am,1,Am,Am,88,ok,Am
1000150,"אם אתה בסביבה (העיירה שלי)","אריק סיני",C,1,C,C,119,ok,C
1000151,"חלליות","ברי סחרוף",Dm,1,Dm,Dm,221,ok,Dm
1000152,"האהבה שלי היא לא האהבה שלו","יצחק קלפטר",C,1,C,C,98,ok,C
1000153,"צליל מכוון","יצחק קלפטר",Am,1,Am,Am,119,ok,Am
1000154,"לא בא לי לשמוע","הדורבנים",Em,1,G,D,157,ok,Em
1000155,"בוקר טוב עולם","אבטיפוס",G,0.53,Em,G,211,low-confidence,G
1000156,"רק החיים","לאה שבת",E,0.96,E,E,113,ok,E
1000157,"ימי בנימינה","מתי כספי",A,1,A,A,117,ok,A
1000158,"אמא ודני","גזוז",G,1,G,Bb,255,ok,G
1000159,"ילד מזדקן","כוורת",Am,1,Am,Am,127,ok,Am
1000160,"הנה פתחתי חלון","ריקי גל",Cm,1,Cm,Cm,87,ok,Cm
1000161,"תנו לגדול בשקט","גידי גוב",F#m,1,A,F#m,100,ok,F#m
1000162,"רוח סתיו","גרי אקשטיין",B,0.5,B,E,104,low-confidence,B
1000163,"אלף כבאים","דודה",G,1,G,G,247,ok,G
1000164,"השמלה ממדריד","מוניקה סקס",Am,1,Am,C,52,ok,Am
1000165,"רדיו חזק","תיסלם",Em,0.36,Am,A,231,low-confidence,Em
1000166,"כשאת בוכה את לא יפה","תיסלם",C,1,C,C,113,ok,C
1000167,"אחריות","יוני בלוך",E,0.74,E,E,90,ok,E
1000168,"חשמל זורם בכפות ידיך","רותי נבון",Bb,0.39,Bb,F,108,low-confidence,Bb
1000169,"כבר הסתיו עכשיו","תיסלם",D,0.39,A,Bm,131,low-confidence,D
1000170,"השיר שיביא לך אהבה","גלי עטרי",A,1,G,A,113,ok,A
1000171,"גשם בעיתו","רותי נבון",G,1,G,G,172,ok,G
1000172,"ימי הפרח והאהבה","קורין אלאל",Bm,0.47,Em,A,150,low-confidence,Bm
1000173,"קח אותי","היהודים",Am,0.69,C,Am,134,ok,Am
1000174,"הזמן שלך","היהודים",Am,0.88,F,Am,100,ok,Am
1000175,"השיר שלנו","אביב גפן",C,1,C,C,107,ok,C
1000176,"ערמונים מהאש","גלי עטרי",Dm,1,A,Dm,83,ok,Dm
1000177,"מילים יפות","גזוז",A,1,A,A,80,ok,A
1000180,"פנים ושמות","דני רובס",E,0.67,E,E,86,ok,E
1000181,"עד מחר","אביתר בנאי",F,1,Dm,F,103,ok,F
1000182,"תחזור תחזור","משינה",D,0.63,D,A,68,ok,D
1000183,"שיעור מולדת","כוורת",E,0.81,C#m,E,95,ok,E
1000184,"רואים רחוק רואים שקוף","שמוליק קראוס",Am,1,Am,Bm,97,ok,Am
1000185,"שיר של אחרי מלחמה","אריק איינשטיין",C,1,C,C,94,ok,C
1000186,"ערב מול הגלעד","אריק סיני",Bm,1,Bm,Bm,116,ok,Bm
1000187,"מהמרחקים","גלי עטרי וסגיב כהן",E,1,E,E,106,ok,E
1000188,"רק אתמול","גלי עטרי",Gm,1,Gm,Gm,105,ok,Gm
1000189,"ילדות נשכחת","נורית גלרון",Am,1,Am,Am,101,ok,Am
1000190,"פרח","יהודה פוליקר",G,1,G,Ab,96,ok,G
1000191,"לאורך הים","עפרה חזה",Am,1,Am,E,93,ok,Am
1000192,"דברים שרציתי לומר","יהודה פוליקר",Dm,1,Dm,Dm,72,ok,Dm
1000193,"מישהו הולך תמיד איתי","עפרה חזה",Gm,1,Gm,G,127,ok,Gm
1000194,"החיטה צומחת שוב","חוה אלברשטיין",Cm,1,Eb,Cm,146,ok,Cm
1000195,"גרה מול המים","ריטה",E,1,E,E,89,ok,E
1000196,"הרדופים","שלמה ארצי",Dm,1,Dm,Dm,113,ok,Dm
1000197,"מישהו","יהודית רביץ",Am,1,Am,Am,76,ok,Am
1000198,"הקיץ האחרון","שפיות זמנית",G,1,Dm,G,119,ok,G
1000199,"יורם","גידי גוב",Dm,1,Dm,Dm,105,ok,Dm
1000200,"זמר נוגה","החלונות הגבוהים",C,1,C,E,61,ok,C
1000201,"היה לי חבר, היה לי אח","נתנאלה",C#m,1,E,C#m,137,ok,C#m
1000203,"שבתות וחגים","יהודית רביץ",D,1,D,D,119,ok,D
1000204,"פגישה חצי פגישה","חנן יובל",F#m,1,F#m,F#m,120,ok,F#m
1000205,"באהבתנו","יהודית רביץ",Bm,0.52,D,Bm,86,low-confidence,Bm
1000206,"תמונה","יהודית רביץ",Am,1,Am,Am,107,ok,Am
1000207,"ימים של שקט","לולה",G,0.86,G,G,118,ok,G
1000208,"אנטארקטיקה","קורין אלאל",D,0.72,Em,D,90,ok,D
1000209,"עכשיו הכל בסדר","יהודית רביץ",Em,0.85,E,Em,114,ok,Em
1000210,"זן נדיר","קורין אלאל",Dm,1,Dm,Dm,130,ok,Dm
1000211,"יש לי חולשה לרקדנים","ריקי גל",Dm,0.73,Dm,C,141,ok,Dm
1000212,"רחבת הריקודים","יהודית רביץ",A,0.95,A,D,122,ok,A
1000213,"לילה לי","יוריק בן דוד",Em,1,Am,Em,171,ok,Em
1000214,"הגננים היום עצובים","יהודית רביץ",D,1,D,Am,68,ok,D
1000215,"דרך ארוכה","גלי עטרי",C,1,C,C,122,ok,C
1000216,"למחרת","יהודית רביץ",Em,1,Em,Em,63,ok,Em
1000217,"לילה","שלום חנוך",C,1,C,C,110,ok,C
1000218,"שיר המכולת","כוורת",Em,1,Em,Em,195,ok,Em
1000219,"אצלך בעולם","היהודים",C#m,1,C#m,C#m,96,ok,C#m
1000220,"אמריקה","פורטיסחרוף",C,1,C,G,125,ok,C
1000221,"שובי לביתך","שם טוב לוי",Am,1,Am,Am,78,ok,Am
1000222,"אה אה אה","אפרת גוש",C,1,C,C,88,ok,C
1000223,"לראות את האור","אפרת גוש",Am,0.53,F,Am,105,low-confidence,Am
1000224,"מכה אפורה","מוניקה סקס",D,1,D,F#m,125,ok,D
1000225,"לקחת את ידי בידך","יהודית רביץ",Dm,1,Dm,Dm,164,ok,Dm
1000226,"יש בי עוד כח","דין דין אביב",Am,0.95,Am,C,104,ok,Am
1000227,"זאת שמעל לכל המצופה","דני סנדרסון",Dm,1,Dm,Dm,118,ok,Dm
1000228,"לחיות נכון","רונה קינן",B,0.58,B,B,97,ok,B
1000229,"שפת אימי","קורין אלאל",A,0.41,Dm,A,81,low-confidence,A
1000230,"אין עוד יום","גידי גוב",G,1,G,G,113,ok,G
1000231,"ערב אבוד","דודה",E,1,E,E,78,ok,E
1000232,"בלעדייך","גידי גוב",E,1,E,E,126,ok,E
1000233,"חם ומתוק","גן חיות",B,1,B,B,137,ok,B
1000234,"חשבתי שיהיה רומנטי","אוהד חיטמן",Em,1,Em,Em,92,ok,Em
1000235,"תגידי לו","אוהד חיטמן",D,1,D,Bm,122,ok,D
1000237,"ערב של יום בהיר","אפרים שמיר",G,1,G,G,171,ok,G
1000238,"אוהב להיות בבית","אריק איינשטיין",Em,0.72,Em,A,123,ok,Em
1000239,"צא מזה","אריק איינשטיין",C,1,C,C,124,ok,C
1000242,"ירח כחול","גן חיות",Dm,1,Dm,Dm,97,ok,Dm
1000243,"בדרך אל האושר","דני רובס",D,0.73,D,D,196,ok,D
1000244,"במרחק נגיעה מכאן","יזהר אשדות",Em,1,Em,Em,106,ok,Em
1000245,"כבר עכשיו","ירמי קפלן",E,1,Am,E,68,ok,E
1000247,"בלדה לעוזב קיבוץ","כיף התקווה הטובה",E,0.92,E,B,182,ok,E
1000248,"אף פעם לא תדעי","שלמה ארצי",Em,1,Bm,Em,120,ok,Em
1000250,"עוד פגישה","תיסלם",G,0.58,C,G,143,ok,G
1000251,"אין מקום אחר","משינה",C#m,0.37,C#m,A,110,low-confidence,C#m
1000252,"תפסיק לכוון אלי","תיסלם",C,0.45,Am,D,166,low-confidence,C
1000253,"משהו קטן וטוב","משינה",Am,0.4,D,Am,117,low-confidence,Am
1000254,"חללית","גזוז",G,1,G,G,132,ok,G
1000255,"הולך בטל","תמוז",B,1,B,B,138,ok,B
1000256,"התחלה חדשה","בנזין",A,1,A,E,133,ok,A
1000257,"המכתב","אביב גפן",B,1,B,B,107,ok,B
1000258,"חצבים פורחים","תיסלם",Em,0.58,Em,Abm,174,ok,Em
1000259,"ככה את רצית אותי","תמוז",F,1,F,F,254,ok,F
1000260,"שוב היא כאן","יוני רכטר",F#m,0.74,A,G,154,ok,F#m
1000261,"מביאה הכל","שלום חנוך",A,1,A,A,113,ok,A
1000262,"מעביר דף (המיסטיקנים הסינים)","נורית גלרון",Dm,1,Dm,Dm,159,ok,Dm
1000263,"הללויה","חלב ודבש",Gm,0.67,G,Bb,91,ok,Gm
1000264,"חזקה מהרוח","גלי עטרי",Dm,1,Dm,Dm,107,ok,Dm
1000265,"לילות לבנים","אביב גפן",C#m,0.4,E,F,69,low-confidence,C#m
1000266,"מה שאת אוהבת","גלי עטרי",Em,0.45,C,B,118,low-confidence,Em
1000267,"דם חם","שרי",Am,1,Am,Am,117,ok,Am
1000268,"אחכה לך בשדות","משינה",E,1,E,E,197,ok,E
1000269,"איך הוא שר","דני רובס",Em,1,Em,Em,104,ok,Em
1000270,"תשאירי לי מקום לחבק אותך","אבטיפוס",F#m,1,F#m,F#m,95,ok,F#m
1000271,"עניין של זמן","גידי גוב",C,1,C,C,88,ok,C
1000272,"תחרות כלבים","אביתר בנאי",F#m,0.6,F#m,A,121,ok,F#m
1000273,"שוב לא שקט","רוקפור",G,1,G,G,118,ok,G
1000274,"ימים טובים","נמרוד לב",D,0.37,Bm,Ab,119,low-confidence,D
1000275,"לראות אותה היום","תיסלם",Em,0.91,Em,Em,125,ok,Em
1000276,"כולם יודעים","אהוד בנאי",Em,0.6,B,Em,89,ok,Em
1000277,"איש וכינור","שפתיים",Em,1,Em,Em,91,ok,Em
1000278,"התחלות","יזהר אשדות",Em,0.63,Em,Em,107,ok,Em
1000279,"מתנות קטנות","רמי קלינשטיין",Em,1,Em,Em,131,ok,Em
1000280,"רק אל תלכי","זקני צפת",C,1,C,C,99,ok,C
1000281,"בתוך נייר עיתון","טיפקס",Am,1,C,Am,151,ok,Am
1000282,"רבות הדרכים","דניאל סלומון ודנה עדיני",Gm,1,Gm,Am,134,ok,Gm
1000284,"מכתב לילד","דוד זוהר מלניק",D,1,D,D,130,ok,D
1000285,"דמיון חופשי","יצחק קלפטר",Em,0.78,Em,Em,73,ok,Em
1000286,"בוקר יום ראשון","יהודה פוליקר",Gm,1,Gm,Gm,89,ok,Gm
1000289,"נערת רוק","ריקי גל",Fm,0.87,Ab,Fm,98,ok,Fm
1000292,"סימני הזמן","משה פרץ",Dm,0.59,Dm,Bb,80,ok,Dm
1000293,"אם זאת מלחמה","משה פרץ",Dm,0.96,Dm,Em,97,ok,Dm
1000294,"רק בשביל לקבל חיבוק","חמי רודנר ואיגי וקסמן",Bm,1,Bm,G,124,ok,Bm
1000295,"מבול","רונה קינן",F#m,1,F#m,F#m,72,ok,F#m
1000296,"נגד הרוח","שלום חנוך",A,1,A,A,146,ok,A
1000297,"הדרכים הידועות","שלום חנוך",Gm,0.73,Gm,G,144,ok,Gm
1000300,"לב חופשי","מוקי",Bbm,1,Bbm,Bbm,123,ok,Bbm
1000301,"חתונה לבנה","שלום חנוך",Am,1,C,Am,67,ok,Am
1000302,"אין קץ לילדות (בצהרי היום)","פורטיסחרוף",Dm,1,D,C,149,ok,Dm
1000303,"נאחז באוויר","גידי גוב",E,1,E,E,65,ok,E
1000304,"אם כבר","היהודים",Em,1,D,Em,80,ok,Em
1000305,"חופשי זה לגמרי לבד","בנזין",D,0.95,D,A,128,ok,D
1000307,"צל כבד","כשניקו תתחיל לדבר",Dm,1,Dm,Dm,88,ok,Dm
1000308,"תם ולא נשלם","עילי בוטנר וילדי החוץ",Em,1,Em,Em,104,ok,Em
1000309,"תן לי (מה שהיה תשכח מזה)","יגאל בשן",E,1,E,F,78,ok,E
1000310,"עוד לילה","הדורבנים",C,0.38,Am,Db,159,low-confidence,C
1000311,"סיגפו","בית הבובות",Am,1,Am,Am,153,ok,Am
1000312,"בגלל הרוח","שלומי שבת",G,1,G,G,115,ok,G
1000313,"גאון","נורית גלרון",Am,1,Am,Am,102,ok,Am
1000314,"כל מה שיש לי","נתן גושן",G,1,G,G,74,ok,G
1000315,"מחר הוא יחזור","דני רובס",Dm,1,Dm,Dm,173,ok,Dm
1000316,"גג","ג'ירפות",Gm,1,Gm,Bb,69,ok,Gm
1000317,"עומד על צוק","היי פייב",Em,0.72,Em,E,93,ok,Em
1000319,"אורחים לקיץ (אצלינו בחצר)","נעמי שמר",Em,1,Em,Em,144,ok,Em
1000320,"המשפחה שלי","שלמה ניצן",Am,1,Am,Am,116,ok,Am
1000321,"עוד לא אהבתי די","יהורם גאון",A,0.53,A,Abm,156,low-confidence,A
1000323,"הכל פתוח","עופר לוי ולאה לופטין",C,0.72,C,Am,198,ok,C
1000324,"מדוע לא באת","ירמי קפלן",A,1,G,A,72,ok,A
1000325,"נחמד","כוורת",C,0.31,Ebm,G,167,low-confidence,C
1000326,"גורל נדוש","יובל בנאי",G,0.6,G,A,107,ok,G
1000327,"חוזה לך ברח","אושיק לוי",Em,0.62,Am,Em,85,ok,Em
1000328,"הכי יפה בעולם","מאור כהן",C,0.45,C,C,164,low-confidence,C
1000329,"הולכת ממך","שרון חזיז",Am,0.47,Am,G,89,low-confidence,Am
1000330,"היא יושבה לחלון","אריק איינשטיין",Em,1,Em,Em,102,ok,Em
1000331,"חמימות חולפת","דנה ברגר",G,0.83,G,G,189,ok,G
1000332,"שועל במנוסה","פורטיסחרוף",Gm,1,Gm,F,83,ok,Gm
1000333,"באתי אלייך","אייל גולן",Dm,0.66,Dm,Dm,85,ok,Dm
1000334,"לבן בחלום שחור","איפה הילד",Fm,0.32,D,G,129,low-confidence,Fm
1000335,"שקיעתה של הזריחה","פורטיסחרוף",Am,1,A,Am,133,ok,Am
1000336,"עכשיו אני","החברים של נטאשה",F#,1,F#,F#,116,ok,F#
1000337,"תותים","אתניקס",G,1,G,G,113,ok,G
1000338,"בלעדייך","אייל גולן",Bm,1,Bm,Bm,120,ok,Bm
1000339,"פצעים ונשיקות","מוניקה סקס",D,1,D,Am,156,ok,D
1000340,"זו ילדותי השניה","מתי כספי",Fm,1,Fm,Fm,165,ok,Fm
1000341,"מה תאמרי","יזהר אשדות",Am,1,Am,Am,116,ok,Am
1000342,"היא רק רוצה לרקוד","משה פרץ ועומר אדם",Bm,1,Bm,Bm,121,ok,Bm
1000343,"אל תפחד","אהוד בנאי",C,1,C,F,88,ok,C
1000344,"אם תבוא","נינט טייב",Am,1,F,Am,115,ok,Am
1000345,"הכוס הכחולה","עברי לידר",Fm,1,Fm,Fm,97,ok,Fm
1000346,"עוד שבת","טיפקס",Cm,1,Cm,Cm,105,ok,Cm
1000347,"הכל בגלל האהבה","אהוד בנאי וגידי גוב",Fm,1,Fm,Fm,142,ok,Fm
1000348,"שישי שבת","זקני צפת",Am,1,Am,Am,114,ok,Am
1000349,"שוב","ג'וזי כץ ושמוליק קראוס",Am,1,Am,Am,94,ok,Am
1000350,"אצל הדודה והדוד","דני סנדרסון",Ab,1,Ab,C#m,175,ok,Ab
1000351,"דרך השלום","פאר טסי",Dm,1,Dm,Dm,92,ok,Dm
1000352,"כשאחר","אייל גולן",Gm,1,Gm,Gm,113,ok,Gm
1000353,"בלילות הקיץ החמים","מתי כספי",C,0.37,Cm,F,121,low-confidence,C
1000354,"אני וסימון ומואיז הקטן","יוסי בנאי",Cm,1,Cm,Cm,143,ok,Cm
1000355,"שני משוגעים","עומר אדם",Bm,0.46,Bm,Em,89,low-confidence,Bm
1000356,"לבחור נכון","אמיר דדון",C#m,0.44,A,C#m,83,low-confidence,C#m
1000357,"רוחות הצפון","אהוד בנאי",E,1,E,E,192,ok,E
1000358,"זמנך עבר","אהוד בנאי",Am,0.48,Am,Am,261,low-confidence,Am
1000359,"הבוקר שאחרי","יונתן רוזן",Am,1,Am,Am,128,ok,Am
1000360,"אולי נדבר","נדב גדג'",Bb,1,Bb,Bb,64,ok,Bb
1000361,"בן המלך","משינה",C,1,C,C,112,ok,C
1000362,"לו לו","כוורת",D,1,D,D,167,ok,D
1000363,"נוף אחר","יוני בלוך",E,0.72,E,B,92,ok,E
1000364,"שיר לשלום","להקת הנחל",C#m,1,C#m,C#m,119,ok,C#m
1000365,"את לא כמו כולם","משינה",E,1,E,E,146,ok,E
1000366,"אהבה קטנה","שירי מימון",D,0.49,Em,D,142,low-confidence,D
1000367,"במקום הכי נמוך בתל אביב","אסתר שמיר",Am,0.48,F,Am,233,low-confidence,Am
1000368,"אחת כמו כולם","גלי עטרי",F,0.94,Gm,F,92,ok,F
1000369,"זה לא אני","דני רובס",F#m,1,F#m,Ab,165,ok,F#m
1000370,"שיר ללא שם","יהודית רביץ",Am,0.71,Am,Em,150,ok,Am
1000371,"את לי לילה","בועז שרעבי",Am,0.94,C,Am,94,ok,Am
1000372,"ואם השיר הזה נשמע לכם מוכר","חנן יובל",Am,1,Am,Em,158,ok,Am
1000373,"אתה פה חסר לי","נורית גלרון",Bbm,1,Bbm,Am,105,ok,Bbm
1000374,"שיר בכיף","קורין אלאל",D,1,D,D,137,ok,D
1000375,"לא ידעתי שתלכי ממני","מתי כספי",Am,1,Am,Am,171,ok,Am
1000376,"רישומים","השייקס",Cm,1,G,Ab,151,ok,Cm
1000377,"בית ספר למשחק","מרינה מקסימיליאן בלומין",Dm,0.38,Gm,Em,95,low-confidence,Dm
1000378,"אני הולך לבית שאן","גרי אקשטיין",G,0.73,G,D,89,ok,G
1000379,"בביתי הנעול","ריטה",A,1,A,A,109,ok,A
1000380,"יום שישי חזר","מתי כספי",Am,0.99,Am,Am,270,ok,Am
1000381,"פרי גנך","אלי לוזון ואביבה אבידן",Fm,1,Fm,F,114,ok,Fm
1000382,"כשהלב בוכה","שרית חדד",Dm,1,Dm,Ebm,99,ok,Dm
1000383,"בואי כלה","אחינועם ניני",Bm,1,Bm,Bm,101,ok,Bm
1000384,"אבשלום","רוקפור",E,1,F#m,E,75,ok,E
1000385,"מילה טובה","יהודית רביץ",A,1,A,A,148,ok,A
1000386,"שאלתי מה קרה","שלמה ארצי",D,1,D,D,118,ok,D
1000387,"שתי אצבעות מצידון","בועז עופרי",Dm,0.72,C,Dm,80,ok,Dm
1000388,"הצריף הקטן","עפרה חזה",Am,1,Am,Am,121,ok,Am
1000389,"כתונת פסים","אומני ישראל",Cm,1,Cm,Cm,143,ok,Cm
1000390,"דמעות של מלאכים","אריק איינשטיין",D,1,G,D,126,ok,D
1000391,"לשיר איתך","בועז שרעבי ושושנה דמארי",Em,0.71,F,A,98,ok,Em
1000392,"אין שלווה","מתי כספי ",Cm,1,Cm,Cm,136,ok,Cm
1000393,"כלום לא עצוב ","אביתר בנאי ",C,1,C,C,140,ok,C
1000394,"פנים אל מול פנים","גידי גוב ואתי אנקרי ",C,1,C,F,176,ok,C
1000395,"הוא והיא","ערן צור",C,1,C,C,73,ok,C
1000396,"ערב ב' כסלו","כרמלה גרוס ואגנר",Ab,0.35,C,C#m,72,low-confidence,Ab
1000397,"לוקח ת'זמן","יצחק קלפטר ",E,1,E,E,128,ok,E
1000398,"למיה יש אקדח","כנסיית השכל",A,1,A,A,94,ok,A
1000399,"לעיתים","רעש",Bm,1,C,Bm,91,ok,Bm
1000400,"למה לי לקחת ללב","אריק איינשטיין ושלום חנוך",Am,1,Am,Am,112,ok,Am
1000401,"מה ידוע על היום הזה","מאור כהן",E,0.92,C,E,115,ok,E
1000402,"היום","שלום חנוך",E,0.57,Bm,E,202,ok,E
1000403,"מי יודע מדוע ולמה לובשת הזברה פיג'מה","משינה",A,1,G,A,169,ok,A
1000404,"ציור","מתי כספי ושלמה גרוניך",Gm,1,Gm,Gm,139,ok,Gm
1000405,"אחרי עשרים שנה","שמוליק קראוס",Am,1,Am,Bbm,125,ok,Am
1000406,"רק איתך","אריק איינשטיין",C,1,C,C,132,ok,C
1000407,"מכיר אותו","יוני בלוך",E,0.57,E,E,148,ok,E
1000408,"נעים בחוץ","יוני בלוך",F#,0.6,F#,Ebm,111,ok,F#
1000409,"אליעזר בן יהודה","מתי כספי",Bm,1,Bm,Bm,149,ok,Bm
1000410,"מליון פעם","מלכת הפלקט ",E,1,E,E,107,ok,E
1000411,"אחלה בחלה","הדורבנים",G,0.6,G,G,96,ok,G
1000412,"תתחנני אלי","אביתר בנאי",Gm,1,Gm,Gm,79,ok,Gm
1000413,"אל תשכחי אותנו ","מיסטר הרי",Em,1,Em,Em,123,ok,Em
1000414,"אהבתיה","שלמה ארצי",D,0.79,G,E,197,ok,D
1000415,"נאמר כבר הכל","החברים של נטאשה ",A,1,A,A,50,ok,A
1000416,"עץ ירוק מפלסטיק","מרגלית צנעני",Bbm,1,Bbm,Bbm,95,ok,Bbm
1000417,"את יפה שלי","מיקי גבריאלוב",G,1,G,G,134,ok,G
1000418,"זה היה סיפור של חורף","מיקי גבריאלוב",C,1,C,C,147,ok,C
1000419,"מילים יפות מאלה","עידן רייכל",F#m,1,F#m,F#m,111,ok,F#m
1000420,"הורוסקופ","החלונות הגבוהים",Em,0.88,G,Em,155,ok,Em
1000421,"טבריה","מיכה שטרית",Em,0.4,Em,C,129,low-confidence,Em
1000422,"בלדה בין כוכבים","פופיק ארנון",A,0.81,A,E,112,ok,A
1000423,"מה חשוב היום","אבי טולדנו",Gm,1,Gm,D,120,ok,Gm
1000424,"נועה של הים","יזהר אשדות",Bm,0.8,Bm,Bm,121,ok,Bm
1000425,"שמחות קטנות","עמיר בניון ומיכה שטרית",Em,1,Em,Em,115,ok,Em
1000426,"שלמים","עידן חביב",C,0.8,C,G,90,ok,C
1000427,"בוא איתי אל הגליל","להקת פיקוד צפון",Em,1,Em,E,216,ok,Em
1000428,"איך כש","יוסי אלפנט",C,1,C,C,81,ok,C
1000429,"דבר לא קרה","דני רובס",Dm,0.77,Dm,Dm,135,ok,Dm
1000430,"מיליארד טועים","אביב גפן",G,1,G,G,132,ok,G
1000431,"מהפכה של שמחה","ליאור נרקיס ועומר אדם",Gm,0.8,Gm,F,88,ok,Gm
1000432,"איזה יום","דודו טסה ",Gm,1,Eb,Gm,107,ok,Gm
1000433,"קיץ","ערן צור",Am,1,Am,A,117,ok,Am
1000434,"עד שתעזוב","ריטה",Ebm,1,Ebm,Ebm,126,ok,Ebm
1000436,"לא מחכה יותר לדוור","איגי וקסמן",Gm,1,Em,Gm,135,ok,Gm
1000437,"מהרי נא","אהוד בנאי",Am,1,Am,Am,214,ok,Am
1000438,"הנה הנה","מתי כספי",Cm,1,C#m,D,189,ok,Cm
1000439,"באה אליכם","מירי מסיקה",Dm,1,Dm,Dm,117,ok,Dm
1000440,"מגרד","יוני בלוך ואפרת גוש",E,1,E,E,89,ok,E
1000441,"תראו אותי","מופע הארנבות של דוקטור קספר",B,0.63,F#,G,125,ok,B
1000442,"קשה בלעדיך","שרון ליפשיץ",Eb,0.74,Eb,Bb,86,ok,Eb
1000443,"יבוא לטובה","פליי פסטיגל",C,1,C,C,89,ok,C
1000444,"נשבע","חיים משה",Bm,1,Bm,Cm,107,ok,Bm
1000445,"תרגיל בהתעוררות","שלומי שבן וחוה אלברשטיין",Dm,1,Dm,Dm,93,ok,Dm
1000446,"סרטים","קרח 9",G,0.89,G,D,89,ok,G
1000447,"אפר ואבק","יהודה פוליקר",G,0.84,G,A,86,ok,G
1000448,"שיר תקווה","אביב גפן",A,1,A,C,102,ok,A
1000449,"מה זאת אהבה","ריקי גל ומתי כספי",C,1,C,C,111,ok,C
1000450,"עבדים","ברי סחרוף",G,0.53,Em,Am,159,low-confidence,G
1000451,"צעיר לנצח","רמי קלינשטיין",D,0.94,Bm,D,96,ok,D
1000452,"חוץ ממך כלום","רמי קלינשטיין",G,1,G,G,111,ok,G
1000453,"לאונרדו","עברי לידר",E,1,E,E,135,ok,E
1000454,"זה מכבר","אושיק לוי",C,1,C,C,81,ok,C
1000455,"מחכה לו","דנה ברגר",Em,0.86,C,Em,72,ok,Em
1000456,"כוכבים","תיסלם",G,1,G,D,91,ok,G
1000457,"אני אשיר לך שיר","אריק לביא",C,0.86,G,D,141,ok,C
1000458,"ריקמה אנושית אחת","חוה אלברשטיין",C,1,C,C,159,ok,C
1000459,"לא סתם","אמיר דדון",Am,0.84,Em,Am,149,ok,Am
1000460,"כמה אני אוהב אותך","גיא מזיג",G,0.54,Em,Bm,261,low-confidence,G
1000461,"טיפ טיפה","אהוד בנאי",Dm,1,Dm,Dm,95,ok,Dm
1000462,"ריקוד המכונה","משינה",Am,1,Am,Am,131,ok,Am
1000463,"אני אוהב אותך","החברים של נטאשה",G,1,G,G,163,ok,G
1000464,"ניגע אל החלום","איחינועם ניני",C,1,F,C,112,ok,C
1000465,"מקום לדאגה","מתי כספי",C,1,C,C,118,ok,C
1000466,"קרן שמש","בניה ברבי",G,1,G,G,92,ok,G
1000467,"טרמינל לומינלט","מאיר אריאל",Em,1,Em,B,64,ok,Em
1000468,"מתי נתנשק","אביתר בנאי",G,1,G,G,85,ok,G
1000469,"הכל יכול לקרות","נינט טייב",E,0.99,B,E,56,ok,E
1000470,"פני מלאך","יואב יצחק",Em,1,Em,Em,184,ok,Em
1000471,"באה מאהבה","יהודית רביץ",Em,0.91,Em,G,166,ok,Em
1000472,"זה הגשם","נורית גלרון",Cm,1,Cm,Cm,120,ok,Cm
1000473,"מחפש תשובה","היהודים",Cm,1,Cm,Cm,101,ok,Cm
1000474,"עוד ארון אחד","היהודים",D,1,D,Em,156,ok,D
1000475,"ילד אסור ילד מותר","ריקי גל",Am,1,Am,Am,125,ok,Am
1000476,"הללויה (אדם חוזר)","הגבעטרון",Em,1,G,F,187,ok,Em
1000477,"בפונדק קטן","בני ברמן",Am,1,Am,Am,109,ok,Am
1000478,"האורח","הכל עובר חביבי",Cm,1,Cm,Cm,113,ok,Cm
1000479,"חלומות של אחרים","עידן רייכל",Fm,0.81,Fm,Fm,124,ok,Fm
1000480,"כל דבר קט","אלון אולארצ'יק",A,1,A,A,122,ok,A
1000481,"כולנו זקוקים לחסד","נורית גלרון",E,1,E,E,118,ok,E
1000482,"קרב אגרוף","אפרת גוש",Eb,0.41,Dm,Bb,66,low-confidence,Eb
1000483,"לילה","נוער שוליים",Fm,0.5,F,Db,127,low-confidence,Fm
1000484,"עתיד מתוק","משינה",E,0.25,E,E,113,low-confidence,E
1000485,"אהבה חדשה","אסף אמדורסקי",Em,1,Em,C,72,ok,Em
1000486,"בחברה להגנת הטבע","אריאל זילבר",Gm,0.64,Cm,Gm,185,ok,Gm
1000487,"במקום פרידה (אם תלך עכשיו)","שוקולד מנטה מסטיק",Am,1,Am,Am,86,ok,Am
1000488,"מי ראה את באני","מתי כספי",D,1,D,D,126,ok,D
1000489,"תמונה אימפרסיוניסטית","כרמלה גרוס ואגנר",D,0.97,D,G,89,ok,D
1000490,"אמסטרדם","נוער שוליים",C,0.71,Am,C,71,ok,C
1000491,"פלוגה בקו","מאיר אריאל",Em,1,Em,Em,125,ok,Em
1000492,"תמיד כשאתה בא","אפרת גוש",G,0.32,Gm,E,122,low-confidence,G
1000493,"שיר אחר","החברים של נטאשה",C#m,1,C#m,C#m,188,ok,C#m
1000494,"חושב עליה","עידן יניב וליאור דטאוקר",C#m,1,C#m,Dm,103,ok,C#m
1000495,"שקט","בלאגן",Cm,1,Cm,Ebm,112,ok,Cm
1000496,"שיר אהבה (כמו גלגל)","מתי כספי",Em,1,Em,Em,139,ok,Em
1000497,"שיר רועים","דני סנדרסון",D,1,D,D,108,ok,D
1000498,"סוף טוב","יוני בלוך",D,0.96,D,D,86,ok,D
1000499,"כאילו כאן","בועז מעודה",F#m,0.8,F#m,F#m,74,ok,F#m
1000500,"שלכת","אביב גפן",Am,0.74,Dm,Am,70,ok,Am
1000501,"אם זו אהבה","פרמיירה (מזי כהן)",C,0.7,Em,Fm,131,ok,C
1000502,"בצהרי היום","דיויד ברוזה ומאיר אריאל",Em,1,Em,Em,161,ok,Em
1000503,"על גגות תל אביב","אלונה דניאל",Am,1,Am,E,136,ok,Am
1000504,"תן לי כח","אריאל זילבר",G,1,G,G,59,ok,G
1000505,"הכל עומד במקום","גלי עטרי",G,0.43,Dm,Dm,87,low-confidence,G
1000506,"נודד אלייך","נקמת הטרקטור",Cm,1,Cm,Cm,117,ok,Cm
1000507,"שביר","אריק איינשטיין",Em,1,Em,Em,68,ok,Em
1000508,"מה אתה עושה כשאתה קם בבוקר","אריק איינשטיין",C,1,Bb,C,98,ok,C
1000509,"ארץ טרופית יפה","יהודית רביץ",E,1,E,E,135,ok,E
1000510,"עלה נישא ברוח","שושנה דמארי",Dm,1,Dm,Dm,106,ok,Dm
1000511,"עוד תראי את הדרך","מתי כספי",Em,1,Em,Em,164,ok,Em
1000512,"יש לי סיכוי","אביתר בנאי",Am,1,Am,Am,106,ok,Am
1000513,"מי האיש","חווה אלברשטיין",Em,1,Am,Em,82,ok,Em
1000514,"עץ השדה","שלום חנוך",Em,1,Em,Em,119,ok,Em
1000515,"התקווה","אין",Dm,1,Dm,Dm,49,ok,Dm
2000001,"אדון שוקו","אריק איינשטיין",G,1,A,G,79,ok,G
2000003,"אהבה ראשונה","החלונות הגבוהים",D,0.89,G,Bm,85,ok,D
2000004,"אהבה","דניאל סלומון",C,1,G,C,127,ok,C
2000005,"אהבת פועלי בניין","שלישיית גשר הירקון",C,1,C,A,135,ok,C
2000006,"אחכה לך","הנשמות הטהורות",Bbm,0.95,Bbm,Bm,133,ok,Bbm
2000008,"אי ירוק בים","יעל לוי",Am,1,C,Am,97,ok,Am
2000009,"אין לך מה לדאוג (תחתונים וגופיות)","עוזי פוקס",Em,1,Em,Fm,164,ok,Em
2000010,"אינך יכולה","החלונות הגבוהים",D,1,G,D,101,ok,D
2000011,"איתו לנצח","קרח 9",Bb,1,Bb,Bb,85,ok,Bb
2000012,"אלפונסינה והים","מתי כספי והפרברים",Bm,1,C,Bm,145,ok,Bm
2000013,"אני אש","רן דנקר ועילי בוטנר",Em,0.75,Em,B,104,ok,Em
2000014,"אני לא מפסיק להתרגש ממך","דני רובס",Em,0.6,C,Em,129,ok,Em
2000017,"בא לשכונה בחור חדש","אלון אולארצ'יק",Dm,1,Dm,Dm,134,ok,Dm
2000018,"בטי בם","אריאל זילבר",F#m,1,F#m,F#m,66,ok,F#m
2000019,"ביום ובלילה","כוורת",F,0.38,F,C,122,low-confidence,F
2000020,"בלב אחד (לא אשן בלילה)","חדוה עמרני ולהקת פלפל לבן",Em,1,Em,Em,79,ok,Em
2000021,"בלדה לסוכן כפול","משינה",Em,0.44,Em,Bm,73,low-confidence,Em
2000022,"בלוז מדרגות הרבנות","הכל עובר חביבי",E,1,E,E,157,ok,E
2000023,"בשדה ירוק","דני סנדרסון",C,0.33,C,D,109,low-confidence,C
2000026,"גבריאל","עפרה חזה",C,0.49,C,Am,115,low-confidence,C
2000027,"גלגל ענק","חלב ודבש",Dm,1,Dm,Dm,96,ok,Dm
2000028,"גלי","ירמי קפלן",C,0.42,C,Am,96,low-confidence,C
2000029,"גשם חזק","מוניקה סקס",C,0.83,C,A,103,ok,C
2000031,"האהבה הישנה","שלמה ארצי",Bm,1,Bm,Bm,116,ok,Bm
2000033,"האיש ההוא","יהודית רביץ",F,1,Dm,F,136,ok,F
2000034,"הבלדה על חדוה ושלומיק","מירי אלוני",Am,0.32,C,Am,108,low-confidence,Am
2000035,"הורה האחזות","כוורת",G,1,G,G,167,ok,G
2000037,"היום","אהוד בנאי",Am,1,Am,Am,133,ok,Am
2000039,"הכניסיני תחת כנפך","אריק איינשטיין",G,1,G,G,149,ok,G
2000040,"המסע הגדול","יוני רכטר",G,0.47,Dm,Am,175,low-confidence,G
2000041,"הנני כאן","יהורם גאון",Am,1,Em,E,96,ok,Am
2000042,"הצל ואני","יהודה פוליקר",Em,1,B,Em,90,ok,Em
2000044,"התחנה הישנה","טיפקס",Em,0.94,Em,Em,146,ok,Em
2000045,"והפעם שיר אהבה","טיפקס",Em,0.61,E,E,129,ok,Em
2000046,"זמר שלוש התשובות","רבקה זוהר",,,,,0,no-markup-url,
2000047,"חולם בספרדית","שלמה יידוב",C,1,F,C,179,ok,C
2000048,"חסקה","להקת חיל הים",Am,1,Am,Am,183,ok,Am
2000049,"יום יבוא","אל תקרא לי שחור",C,1,C,C,68,ok,C
2000051,"יום שישי","בנזין",C,1,F,C,187,ok,C
2000052,"יומן מסע","אביב גפן ואריק איינשטיין",Em,0.86,Em,Em,117,ok,Em
2000053,"יחזקאל","החלונות הגבוהים",Em,0.63,Em,B,72,ok,Em
2000054,"בני ילד רע","ריקי גל",Gm,1,Gm,Bm,162,ok,Gm
2000055,"ילד של אבא","מוקי",Em,1,Em,Em,133,ok,Em
2000056,"ימים של קולנוע","הטוב הרע והנערה",G,1,C,G,92,ok,G
2000057,"יש לי סימפטיה","שלמה גרוניך",Dm,1,Dm,Dm,183,ok,Dm
2000058,"כל מה שרצית","הדורבנים",Am,1,Am,Cm,156,ok,Am
2000059,"כמעט סתיו","גידי גוב",C,1,C,G,78,ok,C
2000060,"כתם הפרי","אתניקס",F,0.37,Dm,Bb,72,low-confidence,F
2000061,"לא יכול להוריד ממך את העיניים","מאיר אריאל",G,1,G,G,111,ok,G
2000062,"לגור איתו","ריקי גל",Am,1,Am,Am,100,ok,Am
2000064,"לו הייתי פיראט","השלושרים",Em,0.73,Em,Fm,102,ok,Em
2000065,"לילה בחוף אכזיב","שלישיית גשר הירקון",Em,1,Em,Em,100,ok,Em
2000066,"לך איתה","אילנה רובינא, נוער שוליים",Bm,1,Bm,Em,120,ok,Bm
2000067,"למה ליבך כמו קרח","גידי גוב",Em,1,B,Em,192,ok,Em
2000068,"לשם","מירי מסיקה",Bm,1,Bm,D,95,ok,Bm
2000069,"מחכה","ריטה",Am,1,Am,Am,102,ok,Am
2000070,"מכתב לאחי","קובי אפללו",Am,1,Am,Am,166,ok,Am
2000071,"מכתב קטן","דני רובס ואופירה יוספי",C,1,C,C,111,ok,C
2000072,"מלנכוליה אהובתי","חמי רודנר",Dm,1,Dm,Dm,175,ok,Dm
2000073,"נגיעה אחת רכה","גידי גוב",,,,,0,no-markup-url,
2000074,"נוסעת בעקבות האהבה","ורדינה כהן",Cm,1,Cm,Cm,77,ok,Cm
2000076,"נילס הולגרסון","יגאל בשן",C,1,F,C,59,ok,C
2000077,"סוף העולם","אביב גפן",C,0.49,Em,C,84,low-confidence,C
2000078,"עדיין מחכה לך","גידי גוב",G,1,G,C,123,ok,G
2000079,"עוד נפגש","אריק איינשטיין",Am,1,Dm,Am,142,ok,Am
2000080,"עוד סיפור אחד של אהבה","שימי תבורי",C,1,C,C,164,ok,C
2000081,"עטור מצחך","אריק איינשטיין",Em,0.48,Dm,Em,222,low-confidence,Em
2000082,"עכשיו אתה חוזר בחזרה","מירי מסיקה",Am,0.46,Am,Fm,105,low-confidence,Am
2000083,"על קו הזינוק","החברים של נטאשה",C,1,C,G,118,ok,C
2000084,"ענוג","נוער שוליים",Gm,1,Gm,Gm,80,ok,Gm
2000085,"ערב עירוני","יוסי בנאי",Em,1,Em,Fm,85,ok,Em
2000086,"פחות אבל כואב","יהודה פוליקר",C,1,C,C,81,ok,C
2000087,"פתאום כשלא באת","שלמה ארצי",A,1,A,A,151,ok,A
2000088,"צוותא","שלמה ארצי",F,0.79,F,F,221,ok,F
2000089,"צילו של יום קיץ","יזהר אשדות",Am,0.62,Gm,Am,163,ok,Am
2000090,"ציפור מדבר","אתניקס",Am,1,Am,E,96,ok,Am
2000091,"צליל מיתר","אייל גולן",Dm,1,Dm,Dm,140,ok,Dm
2000092,"צרות טובות","השלושרים",A,1,A,A,128,ok,A
2000093,"רומיאו","יהודית תמיר",Am,1,Am,Am,149,ok,Am
2000095,"שוב","חוה אלברשטיין ואריק סיני",Am,1,Am,A,110,ok,Am
2000096,"שי","הדודאים והפרברים",Am,1,Am,Am,118,ok,Am
2000097,"שיר הלהקה","להקת הנחל",Dm,1,Dm,Am,142,ok,Dm
2000098,"שיר ישן","אתניקס",G,1,Em,Bb,97,ok,G
2000100,"שיר נבואי קוסמי עליז","יוני רכטר",A,1,F#m,A,169,ok,A
2000101,"שיר סתיו (כל הנחלים הולכים לים)","אריק לביא",Dm,1,Dm,Dm,64,ok,Dm
2000103,"שיר של יום חולין","מאור כהן",Em,0.4,Gm,Em,142,low-confidence,Em
2000104,"שירות עצמי","כוורת",Am,0.65,Am,Am,149,ok,Am
2000106,"שירים פשוטים","שלמה גרוניך",G,1,G,G,101,ok,G
2000108,"תגידי שטוב","כנסיית השכל",Am,1,Am,Am,58,ok,Am
2000109,"אגדת השמש והירח","אתניקס",Am,0.98,Am,E,119,ok,Am
2000110,"אל תכעסי זה לא אסון","שלישיית גשר הירקון",Am,1,Am,Am,119,ok,Am
2000111,"אלייך","עידן עמדי",Am,1,Am,Am,95,ok,Am
2000113,"היא הולכת בדרכים","אלון אולארצ'יק",Am,1,Am,A,119,ok,Am
2000119,"נר על החלון","סטלה מאריס",Am,1,Am,Am,152,ok,Am
2000122,"קילפתי תפוז","אריק איינשטיין",Em,1,Em,Bm,88,ok,Em
2000123,"קרוב אל ליבך","רמי קלינשטיין",F,1,C,F,97,ok,F
2000127,"תחת שמי ים התיכון","שלמה ארצי",Em,1,Em,Em,150,ok,Em
2000128,"יסמין","הפיל הכחול",D,1,D,D,83,ok,D
2000130,"עדיין ריק","לירן דנינו",F#m,1,D,F#m,83,ok,F#m
2000132,"שש עשרה מלאו לנער","גבי שושן",Am,1,Am,A,122,ok,Am
2000134,"שלל שרב","גידי גוב",Em,0.6,Em,Em,92,ok,Em
2000137,"יש אי שם","גידי גוב",C,1,C,C,139,ok,C
2000138,"יו יה","כוורת",Am,1,Am,Am,130,ok,Am
2000139,"היא לא תדע","גזוז",Am,0.77,F,Am,130,ok,Am
2000141,"מסע ומתן","מוש בן ארי",A,0.47,A,D,112,low-confidence,A
2000142,"מסמרים ונוצות","מיכה שטרית",B,0.37,B,Em,97,low-confidence,B
2000143,"אל העולם שלך","רותם כהן",Bm,1,Bm,F#m,91,ok,Bm
2000144,"הכל מבינה","פורטרט",D,1,D,D,83,ok,D
2000145,"פרצופה של המדינה","תיסלם",Em,1,Em,Em,113,ok,Em
2000146,"מתוק כשמר לי","אליעד נחום",Em,1,Em,Em,55,ok,Em
2000148,"רכב חברה","אפליקציה",Em,1,Em,Em,97,ok,Em
2000149,"שבע עשרה","בן ארצי",G,1,G,D,156,ok,G
2000150,"שיר פרידה","שלמה ארצי",G,0.85,G,G,88,ok,G
2000151,"סיבה טובה","אריק סיני",C,1,C,C,135,ok,C
2000152,"מלך העולם","שלמה ארצי",B,1,Em,B,62,ok,B
2000153,"ארץ חדשה","שלמה ארצי",G,1,G,G,124,ok,G
2000154,"זכית בי","דדי דדון",Em,0.69,Em,Em,89,ok,Em
2000155,"אנשי הגשם","צוות חופים",Am,1,Am,Am,147,ok,Am
2000157,"היא התיישבה ליד פסנתר","גזוז",Em,0.32,G,Em,193,low-confidence,Em
2000160,"גולית","כוורת",A,1,A,C#m,240,ok,A
2000163,"יש בי אהבה","אריק איינשטיין",Am,0.44,Am,C,149,low-confidence,Am
2000165,"היא יודעת","נינט טייב",Dm,1,Dm,Dm,115,ok,Dm
2000167,"עוף גוזל","אריק איינשטיין",G,1,G,G,128,ok,G
2000169,"מתוק התפוח","הפרברים",Dm,1,Gm,Dm,132,ok,Dm
2000170,"גרעינים","דני רובס",G,1,G,G,140,ok,G
2000172,"לא נרדמת תל-אביב","דני רובס",B,1,Bm,B,117,ok,B
2000173,"הרקדן האוטומטי","צביקה פיק",C,1,C,C,117,ok,C
2000177,"לאן שלא תלכי","שירי מימון",Dm,1,Dm,Dm,102,ok,Dm
2000178,"נבראתי לך","שלמה ארצי",Bm,1,Bm,A,91,ok,Bm
2000179,"אני חיה לי מיום ליום","ריטה",C,0.52,Am,G,92,low-confidence,C
2000182,"אהבה קצרה","מאיר בנאי",Em,1,Em,Em,105,ok,Em
2000183,"כמה אהבה","מאיר בנאי",Em,1,Em,Em,128,ok,Em
2000184,"ערב בלי טלפון","יזהר אשדות",G,1,G,G,109,ok,G
2000185,"משהו ממני","הראל סקעת",Bm,1,F,Bm,95,ok,Bm
2000186,"מעליות","דודו טסה ורוני אלטר",Gm,1,Gm,Am,98,ok,Gm
2000187,"בוא","ריטה",E,1,E,E,116,ok,E
2000189,"זכיתי לאהוב","עברי לידר",C#m,0.62,E,Ab,77,ok,C#m
2000190,"נואיבה","שלמה גרוניך",Am,1,Am,Bbm,147,ok,Am
2000192,"אור גדול","אמיר דדון",C,1,C,C,94,ok,C
2000194,"איך אפשר שלא","ג'יין בורדו",A,1,A,A,103,ok,A
2000195,"בדידות","יזהר כהן",Am,1,Am,Am,90,ok,Am
2000197,"דואט פרידה","מני בגר וגלי עטרי",C,1,C,C,85,ok,C
2000198,"גשם","מאיר בנאי",Dm,0.85,Dm,G,130,ok,Dm
2000199,"רואה לך בעיניים","אתי אנקרי",Bm,1,Bm,Bm,77,ok,Bm
2000201,"עטוף ברחמים","ריטה",Am,1,Am,Am,75,ok,Am
2000202,"על הגשר הישן","רמי קלינשטיין",A,1,A,A,130,ok,A
2000203,"ימות משיח","דני ליטני",Am,1,Dm,Am,132,ok,Am
2000205,"לא יפריד דבר","דני סנדרסון",Am,0.46,Am,Am,106,low-confidence,Am
2000206,"בואי נגיד שאני שלך","אלון אולארצ'יק",C,0.87,G,C,106,ok,C
2000207,"בואי נשאר","גידי גוב",B,0.38,E,F#,118,low-confidence,B
2000212,"הוא חייב לבוא","חני נחמיאס",C,1,C,C,101,ok,C
2000214,"מכל האהבות","הפרוייקט של עידן רייכל",Dm,0.97,Dm,Dm,83,ok,Dm
2000215,"זהב","סטטיק ובן אל תבורי",A,1,A,A,65,ok,A
2000216,"הבלדה למחלקה להלבשה תחתונה","מרסדס בנד",C,1,C,C,81,ok,C
2000217,"פרידה קשה (אני אשתגע)","חוה אלברשטיין",Em,1,Em,Em,25,ok,Em
2000219,"אהובתי","משינה",Dm,1,Dm,Dm,80,ok,Dm
2000221,"אם את עדיין אוהבת אותי","בועז שרעבי",Am,1,F,Am,132,ok,Am
2000222,"לראות אותה היום (גרסת הופעה)","תיסלם",Gm,0.84,Em,Gm,130,ok,Gm
2000224,"מחכה","עידן חביב",Em,0.48,Em,Em,97,low-confidence,Em
2000226,"אין מדינה לאהבה","צביקה פיק",Am,1,Am,Am,74,ok,Am
2000228,"יש מקום","יהורם גאון",Em,1,Em,Em,68,ok,Em
2000229,"אני בא הביתה מהלילה","דני רובס",Bm,0.76,Bm,Bm,182,ok,Bm
2000231,"עוד חוזר הניגון","ברי סחרוף",D,0.43,D,A,64,low-confidence,D
2000232,"ברחוב הנשמות הטהורות","הנשמות הטהורות",E,0.68,G,Am,113,ok,E
2000234,"בתוך","דפנה ארמוני",Em,1,Em,Em,142,ok,Em
2000236,"רכבת לילה לקהיר","משינה",A,1,A,A,94,ok,A
2000237,"הריקוד המוזר של הלב","רונה קינן וגידי גוב",Fm,1,Fm,Fm,134,ok,Fm
2000238,"עוד יהיה לי","מרגלית צנעני",C,1,F,C,149,ok,C
2000239,"מבול","קרן פלס",Am,1,Am,E,115,ok,Am
2000240,"אל תשטה באהבה","יהורם גאון",D,1,D,D,84,ok,D
2000242,"שאריות של החיים","הפרוייקט של עידן רייכל",D,1,D,F#m,66,ok,D
2000244,"תלבשי לבן","הדודאים והפרברים",Em,1,Em,Fm,157,ok,Em
2000246,"עומד בשער","עמיר בניון",Dm,1,Dm,Dm,147,ok,Dm
2000247,"נסיך החלומות (ולנטינו)","גלי עטרי",Am,1,Am,Bbm,128,ok,Am
2000248,"מתוק מתוק","יגאל בשן",C,1,G,C,145,ok,C
2000249,"אני רוצה גם","יהודה פוליקר",E,1,E,E,62,ok,E
2000250,"האיש ההוא","שלמה ארצי",C,0.73,F,C,154,ok,C
2000252,"השיר על תוכי יוסי","אריק איינשטיין",G,1,G,G,107,ok,G
2000254,"או שאתה שר או שלוקחים אותך מפה","אלון אולארצ'יק",A,1,A,E,129,ok,A
2000255,"שער הרחמים","מאיר בנאי",Em,1,Em,Em,97,ok,Em
2000256,"מחר אני בבית","אתניקס",Am,1,Am,Am,130,ok,Am
2000257,"טיפות","עילי בוטנר וילדי החוץ",Em,0.41,Em,Am,93,low-confidence,Em
2000258,"אמא שלי","אריק איינשטיין",G,0.57,D,Eb,112,ok,G
2000259,"שוב הדיסקו כאן","הדורבנים",Am,1,Am,Dm,90,ok,Am
2000260,"שיר לשירה","מירי מסיקה",A,1,A,A,150,ok,A
2000262,"אני תמיד נשאר אני","עוזי חיטמן",G,1,G,G,72,ok,G
2000263,"שירי ילדות","עוזי חיטמן",Am,0.97,Am,Bm,211,ok,Am
2000264,"נולדתי לשלום","עוזי חיטמן",Am,1,Am,Am,138,ok,Am
2000265,"זה מה שנשאר","שלמה ארצי",A,1,Bm,A,94,ok,A
2000266,"לא עוזב את העיר","שלמה ארצי",Em,1,Em,E,131,ok,Em
2000267,"בלדה לשוטר","אושיק לוי",Am,1,Am,Am,76,ok,Am
2000268,"תביא קצת דינרוס","אתניקס",Dm,1,Dm,Dm,77,ok,Dm
2000269,"אני שוב מתאהב","גידי גוב",G,1,G,G,167,ok,G
2000270,"משהו חדש מתחיל","דני רובס",G,0.92,G,A,101,ok,G
2000271,"ברית עולם","מתי כספי",Am,0.98,F#m,Am,164,ok,Am
2000272,"מה שהלב בחר","קובי אפללו",G,1,G,G,123,ok,G
2000273,"בא מן השתיקה","קובי אפללו",Am,0.93,C,Am,154,ok,Am
2000274,"כל מה שנשאר","בוטן מתוק בקרקס",G,0.41,G,G,89,low-confidence,G
2000275,"מעלה מעלה","צביקה פיק",E,1,E,E,106,ok,E
2000276,"BMW שחורה","אתניקס",Dm,1,Am,Dm,96,ok,Dm
2000277,"אבניבי","יזהר כהן",Am,1,F,Bbm,69,ok,Am
2000278,"עולה עולה","יזהר כהן",Dm,1,Dm,Ebm,142,ok,Dm
2000279,"עינב","ג'יין בורדו",C,0.56,C,D,110,ok,C
2000280,"הפרח בגני","זוהר ארגוב",Am,1,Am,Am,138,ok,Am
2000281,"אבסורד","שלמה ארצי",E,1,E,E,118,ok,E
2000282,"כבר עבר די זמן (מה רצינו להגיד)","שלמה ארצי",Em,1,Em,Em,94,ok,Em
2000283,"שיר בבוקר בבוקר (פתאום קם אדם)","שלמה ארצי",Bm,1,Bm,Bm,131,ok,Bm
2000284,"עלש","שלמה ארצי ושמעון בוסקילה",Em,1,Em,Em,81,ok,Em
2000285,"סיגל","אריס סאן",Em,1,Em,Em,153,ok,Em
2000286,"כל הכבוד","יהורם גאון",Am,0.8,Gm,Am,112,ok,Am
2000287,"אם יוולד לי ילד","גידי גוב",F,1,F,A,166,ok,F
2000289,"רוזה","יהורם גאון",E,1,E,E,79,ok,E
2000290,"חתונה","דני סנדרסון",Em,1,Em,Em,156,ok,Em
2000291,"שיר הטרטע","אתניקס והקומדי סטור",Am,1,Am,F,31,ok,Am
2000292,"ג'סיקה","אתניקס",G,1,Am,G,137,ok,G
2000293,"זודיאק","ירון חדד",Am,1,Am,Am,84,ok,Am
2000294,"נערי שובה אלי (אבק דרכים)","מרגלית צנעני",Em,1,Em,Em,162,ok,Em
2000295,"כמו שאת","דורון מזר",Dm,1,Dm,Dm,88,ok,Dm
2000296,"בוא לריו","יהודית רביץ",Dm,1,Dm,Dm,20,ok,Dm
2000297,"אמא","משה פרץ",Em,1,Em,Em,97,ok,Em
2000298,"לצפון באהבה (אלף שיר לצפון)","יגאל בשן",A,0.42,C,Bb,143,low-confidence,A
2000299,"הייתי בגן עדן","שרית חדד",Em,1,Em,C,111,ok,Em
2000300,"אהבה בסוף הקיץ","צביקה פיק",Am,1,Am,Am,71,ok,Am
2000301,"ערב כחול עמוק","שלמה יידוב, ריטה",Em,1,Am,Em,119,ok,Em
2000302,"רוב השעות","הפרוייקט של עידן רייכל",Am,1,Am,Am,132,ok,Am
2000303,"אני חולם על נעמי","חדוה ודוד",Am,1,Am,Am,144,ok,Am
2000304,"הרבי ג'ו כפרה","טיפקס",Cm,1,Cm,F,69,ok,Cm
2000305,"יושבים בבית קפה","טיפקס",Fm,0.36,Cm,C#m,71,low-confidence,Fm
2000306,"שלוש בלילה","טיפקס",Gm,1,Gm,Gm,109,ok,Gm
2000307,"בת שישים","הגבעטרון",Em,1,G,Em,108,ok,Em
2000308,"תמיד עולה המנגינה","להקת חיל האוויר",C,1,Am,C,97,ok,C
2000310,"אין כבר דרך חזרה","להקת חיל הים",Am,1,Am,Bm,133,ok,Am
2000311,"כאן","אורנה ומשה דץ",Am,1,Am,Bm,106,ok,Am
2000313,"מחרוזת גשר הירקון","החברים של בני",D,1,C,D,265,ok,D
2000314,"שלום לך ארץ נהדרת","יהורם גאון",C,1,G,C,150,ok,C
2000315,"יש לי אהבה פשוטה","הפרברים",C,1,F,C,80,ok,C
2000316,"תפילה (שמור נא עלינו כמו ילדים)","עפרה חזה",Am,1,E,Am,87,ok,Am
2000317,"חי","עפרה חזה",Am,1,Am,Am,132,ok,Am
2000318,"שכשנבוא","אריק איינשטיין",Am,1,Am,Bbm,112,ok,Am
2000319,"השקט שנשאר","שירי מימון",Em,1,Em,Em,87,ok,Em
2000320,"עונות","אביב גפן",C,1,C,C,108,ok,C
2000321,"להשתטות לפעמים","גבי שושן",Am,1,Am,Am,94,ok,Am
2000322,"טלפני טלפני","שלמה ארצי",C#m,0.47,E,Ab,116,low-confidence,C#m
2000323,"פנים אל מול פנים","יהודה פוליקר",C,1,C,C,120,ok,C
2000324,"כוחו של משורר","דני רובס",Em,1,Em,Em,109,ok,Em
2000325,"היא לא תשוב","אתניקס",D,0.52,A,A,165,low-confidence,D
2000326,"רק הד קולך","הפרברים",Em,1,Em,Em,122,ok,Em
2000327,"ניגונה של השכונה","יזהר כהן",Em,1,Em,Em,95,ok,Em
2000328,"קפטן ג'ק","גרי אקשטיין",Em,0.66,C,E,111,ok,Em
2000329,"בכל פעם שאני מתאהב (בך מחדש)","יזהר אשדות",F#m,0.34,F#m,F#m,138,low-confidence,F#m
2000330,"מלדיטה לונה","שלומי שבת ופבלו רוזנברג",Em,1,Em,B,76,ok,Em
2000331,"אבא","שלומי שבת",Am,1,Am,Bm,119,ok,Am
2000332,"לעולם בעקבות השמש","שרי",A,0.41,G,A,111,low-confidence,A
2000333,"ירח","שלמה ארצי",Em,1,Em,Em,123,ok,Em
2000334,"שיר השיירה","אריק איינשטיין",E,1,E,E,46,ok,E
2000335,"מחרוזת שבת","עממי",Am,1,Em,E,173,ok,Am
2000336,"סוד","אדם",Am,0.27,Am,Am,114,low-confidence,Am
2000337,"המסיבה","יהורם גאון",Em,1,Em,Em,132,ok,Em
2000338,"אישה נאמנה","ישי לוי",Dm,1,Dm,Dm,136,ok,Dm
2000339,"שני סיפורי אהבה קטנים","החברים של נטאשה",G,1,G,D,92,ok,G
2000340,"ניצחת איתי הכל","עמיר בניון",C,0.44,C,G,70,low-confidence,C
2000342,"לעוף","הראל סקעת",Am,0.71,Am,Bb,129,ok,Am
2000343,"יש לך אותי","תיסלם",Em,0.75,Em,Gm,145,ok,Em
2000344,"אמרו לו","אריק איינשטיין",C,0.47,Cm,Cm,167,low-confidence,C
2000345,"הכוכב של מחוז גוש דן","אהוד בנאי",Am,1,Am,Am,160,ok,Am
2000346,"עד סוף הקיץ","דני ליטני",Am,1,Am,Am,132,ok,Am
2000347,"עוד לא תמו כל פלאייך (ארצנו הקטנטונת)","רמי קלינשטיין",Em,1,Am,Em,93,ok,Em
2000348,"הופה היי","הופה היי",Am,1,Am,Am,75,ok,Am
2000349,"שיר אהבה ממוחשב","יגאל בשן",C,1,C,C,107,ok,C
2000350,"מכת שמש","יגאל בשן",E,1,E,E,57,ok,E
2000351,"אם רק תדברי","גיא מזיג",D,0.42,C,F#m,208,low-confidence,D
2000352,"כמו צועני","כמו צועני",G,1,G,A,83,ok,G
2000353,"בואי נעשה לנו חג","יגאל בשן",A,1,A,A,110,ok,A
2000354,"אם הייתי שר לך","יגאל בשן",C,1,C,C,119,ok,C
2000355,"אנחנו נשארים בארץ","כמו צועני",G,1,G,Cm,102,ok,G
2000356,"ציגלה ביגלה בום","יגאל בשן",C,1,C,C,72,ok,C
2000357,"שיר הפרחה","עפרה חזה",Am,1,Am,Am,80,ok,Am
2000358,"עודני ילד","הראל סקעת / הכל עובר חביבי",Dm,1,Dm,Ebm,78,ok,Dm
2000359,"הלוואי","בועז שרעבי",Em,1,Em,Fm,124,ok,Em
2000360,"סימנים","הראל מויאל",Am,1,Am,Am,112,ok,Am
2000361,"כל כך יפה לך","רותם כהן",F#m,0.98,F#m,F#m,69,ok,F#m
2000362,"איש של לילה","רוני דלומי",Am,1,Am,Am,117,ok,Am
2000363,"ליל חניה","חנן יובל, ירדנה ארזי, אפרים שמיר",Am,0.68,F,Dm,245,ok,Am
2000364,"ארבע לפנות בוקר","יהודית רביץ",A,1,A,A,124,ok,A
2000365,"מנגב לך את הדמעות","שלמה ארצי",Am,1,Am,Am,114,ok,Am
2000366,"יש לי חברה","טיפקס",Am,1,Am,Am,93,ok,Am
2000367,"הלא נודע","דני סנדרסון",Em,1,Em,Em,144,ok,Em
2000368,"שווים","רן דנקר ועילי בוטנר",Am,1,Am,Am,165,ok,Am
2000369,"מה הדאווין שלך","דני סנדרסון",E,0.47,E,E,86,low-confidence,E
2000370,"אני עושה לי מנגינות","סקסטה",Dm,1,Dm,Ebm,96,ok,Dm
2000371,"הבחורות ההן","יהורם גאון",Dm,1,Dm,Dm,111,ok,Dm
2000372,"אני לא יכולה בלעדיך","דנה אינטרנשיונל",Em,1,Em,Em,99,ok,Em
2000373,"שיירת הרוכבים","הדודאים",Am,1,Am,Am,84,ok,Am
2000374,"גבעת חלפון אינה עונה","הגשש החיוור",Am,1,Am,G,174,ok,Am
2000375,"בשמלה אדומה","להקת הנחל",A,0.31,C,F#m,125,low-confidence,A
2000376,"בשמלה אדומה","מופע הארנבות של דוקטור קספר",Em,0.41,E,Am,119,low-confidence,Em
2000377,"לא יודע מה עובר לך בראש","שלמה ארצי ויעל דקלבאום",C,1,C,C,88,ok,C
2000378,"הלילה","הכל עובר חביבי",C,1,C,Cm,83,ok,C
2000379,"מועקה","אבטיפוס",C,1,C,C,174,ok,C
2000380,"צל ומי באר","הדודאים והפרברים",Am,1,Am,Am,167,ok,Am
2000381,"תנו לגדול בשקט","שלומי שבת",Am,1,Am,Am,130,ok,Am
2000382,"איך הגלגל מסתובב","שמוליק קראוס",E,1,E,E,178,ok,E
2000383,"חתיכת שמיים","שלומי שבת ושלומי שבן",C,0.35,Am,C,54,low-confidence,C
2000384,"הבלדה על השיער הארוך והשיער הקצר","הדודאים",Em,0.9,Am,Em,98,ok,Em
2000385,"שמור על העולם ילד","דוד ד'אור",Gm,1,Gm,D,80,ok,Gm
2000386,"את ואני","שלמה ארצי",C,1,C,C,125,ok,C
2000387,"תגידי","שלמה ארצי",Em,1,Em,Em,70,ok,Em
2000388,"וביניהם","מאיר בנאי",G,1,G,G,33,ok,G
2000389,"נמס בגשם","יהודה פוליקר",C,1,C,C,131,ok,C
2000390,"גאולה","חמי רודנר",G,0.98,G,D,125,ok,G
2000391,"שבט אחים ואחיות","עידן רייכל",Am,1,Am,Am,96,ok,Am
2000392,"רק מתגעגע (מילים)","אייל גולן",,,,,0,no-chords,
2000394,"רוצי שמוליק","אריאל זילבר",C,1,C,C,79,ok,C
2000395,"מחרוזת ראש השנה","עממי",C,1,C,C,84,ok,C
2000396,"דיווה","דנה אינטרנשיונל",Em,1,Em,Em,74,ok,Em
2000397,"ויסקי","ג'יין בורדו",D,1,D,E,81,ok,D
2000398,"מה שיכולנו להיות","רן דנקר ועילי בוטנר",D,0.85,D,Am,116,ok,D
2000399,"יום הולדת","עדן",A,0.89,A,Db,76,ok,A
2000400,"ימים של קיץ","כפיר בן ליש",Am,1,Am,Am,174,ok,Am
2000401,"סתם עוד יום","אוהד חיטמן",D,1,Em,D,130,ok,D
2000402,"אצלי הכל בסדר","בועז שרעבי",Em,1,Em,Gm,93,ok,Em
2000403,"מה הוא עושה לה","גידי גוב ושלומי שבת",Dm,1,Dm,Dm,101,ok,Dm
2000404,"אל תוותרי","הדודאים והפרברים",Em,1,Em,Em,198,ok,Em
2000405,"להציל אותך","שלמה ארצי",Em,1,Am,Em,98,ok,Em
2000406,"אמת או חובה","ריקי גל",Em,1,Em,Em,114,ok,Em
2000407,"היא לא דומה","ארקדי דוכין",A,1,A,A,134,ok,A
2000408,"מרי לו","צביקה פיק",F,0.8,Am,Bbm,106,ok,F
2000409,"יעקב","ללדין",Cm,1,Cm,Bb,107,ok,Cm
2000410,"איש ואישה","נתן כהן",Em,1,Em,B,127,ok,Em
2000411,"תני לי","שמוליק קראוס ומזי כהן",C,1,C,C,116,ok,C
2000412,"הכי קרוב אלייך","עילי בוטנר ואביב אלוש",Dm,1,Dm,A,124,ok,Dm
2000413,"חבק אותי","עילי בוטנר וילדי החוץ",Am,1,Am,Am,89,ok,Am
2000414,"מביט מהצד","אבי דור",C,0.75,Dm,Db,113,ok,C
2000415,"אתם זוכרים את השירים","חנן יובל",Dm,1,Dm,Dm,115,ok,Dm
2000416,"למה לא אמרת לי","אריק לביא",Dm,0.55,Dm,F,81,ok,Dm
2000417,"השיר על ארץ סיני","שלמה ארצי",Am,1,Am,Bbm,145,ok,Am
2000418,"התמונות שבאלבום","חיים משה",Am,1,Am,Am,151,ok,Am
2000419,"פגישה לאין קץ","אריק איינשטיין",Cm,1,Ab,Cm,179,ok,Cm
2000420,"תתארו לכם","שלמה ארצי",C,0.91,Am,C,127,ok,C
2000421,"הבחורה שלי","שלמה ארצי",C,1,C,C,82,ok,C
2000422,"ילדה מרגרינה","נילי בוברובסקי",Am,1,Am,A,125,ok,Am
2000423,"אמא","שלומי שבת ויוסי אזולאי",Am,1,Am,Am,110,ok,Am
2000425,"מחר","אביב גפן",C,0.64,C,C,75,ok,C
2000426,"אחרי הכל את שיר","שלמה ארצי",Am,1,Am,Am,176,ok,Am
2000427,"מישהו פעם","עברי לידר",Dm,0.27,A,Eb,97,low-confidence,Dm
2000428,"ללכת","לירן דנינו",Am,1,Am,Am,99,ok,Am
2000429,"למה","מאיה אברהם",Am,1,Am,Am,95,ok,Am
2000430,"מלודי","איזולירבנד",Am,0.46,C,D,133,low-confidence,Am
2000431,"מקום לצידך","דור דניאל",D,0.81,Em,D,178,ok,D
2000432,"כמו אז","שלמה ארצי",A,0.39,G,E,125,low-confidence,A
2000433,"מותק את אצלי בראש","שלומי שבן",E,1,B,E,90,ok,E
2000434,"שירים עד כאן","צוות חופים",D,0.72,Ebm,E,103,ok,D
2000435,"עדיף","דניאל סלומון",Cm,0.94,C,Cm,80,ok,Cm
2000436,"שלחי אותו","רוני דלומי",Em,1,Em,Em,78,ok,Em
2000437,"אני נושא עימי","שלמה ארצי",Am,0.99,Am,E,89,ok,Am
2000438,"הו רב חובל","מיטל טרבלסי",Am,1,F,Am,173,ok,Am
2000439,"כאב של לוחמים","עידן עמדי",Am,1,Am,Am,75,ok,Am
2000440,"ים של דמעות","זוהר ארגוב",Em,1,Em,Em,85,ok,Em
2000441,"שושנים עצובות","הפרוייקט של עידן רייכל",Em,1,Em,Em,75,ok,Em
2000442,"ארץ הצבר","כמו צועני",Dm,1,Dm,Em,174,ok,Dm
2000443,"בואי נעזוב","רן דנקר ועילי בוטנר",Em,1,Em,Em,159,ok,Em
2000444,"בשקט כמעט בסוד","הפרברים",Em,1,Em,Em,130,ok,Em
2000445,"אבא סיפור","מיקי גבריאלוב",C,1,C,C,116,ok,C
2000446,"כשאת עצובה","עמיר בניון",Em,1,Em,Em,117,ok,Em
2000447,"חלק מהזמן","עידן עמדי",Em,1,Em,Em,114,ok,Em
2000448,"אלוף העולם","חנן בן ארי",Am,0.95,Am,F,104,ok,Am
2000449,"בלילה","הפרוייקט של עידן רייכל",Cm,1,Am,Cm,146,ok,Cm
2000450,"תמיד אהבה","עברי לידר",Cm,1,Cm,Cm,85,ok,Cm
2000451,"אז מה אם את שמנה","עידן חיים דוד",Em,0.92,C,B,126,ok,Em
2000452,"השבת כבר נכנסת","שלומי שבת",Em,1,Em,F#m,67,ok,Em
2000453,"בלב כבד","הפרברים",Em,1,Em,Em,16,ok,Em
2000454,"כל עוד","יוני רכטר",A,1,A,A,167,ok,A
2000455,"אף אחת","מירי מסיקה",Cm,1,Cm,Cm,109,ok,Cm
2000456,"בראשית עולם","שלומי שבת",C,1,C,C,84,ok,C
2000457,"ואני שר","שלומי שבת",D,1,D,D,80,ok,D
2000458,"יש לך","שלומי שבת",Em,1,Em,Em,114,ok,Em
2000459,"עכשיו התור לאהבה","עוזי חיטמן",Dm,1,Dm,Dm,99,ok,Dm
2000460,"ואם תבואי אליי","עידן רייכל",Am,0.62,Am,Am,68,ok,Am
2000461,"שלכת","עמיר בניון",Cm,0.68,Cm,Cm,75,ok,Cm
2000462,"אם תרצי","חנן בן ארי",Am,1,Am,Am,103,ok,Am
2000463,"הזמנה לחתונה","אורי בנאי",A,0.41,A,A,134,low-confidence,A
2000464,"תתנו לו צ׳אנס","מה קשור",Dm,1,Dm,Ebm,69,ok,Dm
2000465,"נוסטלגיה","אביב גפן ושרון ליפשיץ",Gm,0.5,Gm,Gm,75,low-confidence,Gm
2000466,"הבל החן שקר היופי","חיים צינוביץ׳",Am,0.51,Am,Am,106,low-confidence,Am
2000467,"הניחי לי","רמי קלינשטיין",D,1,D,D,125,ok,D
2000468,"תפוחים ותמרים","רמי קלינשטיין",F#m,1,Bm,F#m,82,ok,F#m
2000469,"פעם תורי ופעם תורך","שלמה ארצי",Dm,1,Dm,Dm,140,ok,Dm
2000470,"העולם שמח","כוורת",G,1,G,G,155,ok,G
2000471,"הפינאלי","סאבלימינל והצל",Gm,0.91,Gm,Eb,4,ok,Gm
2000472,"חתולים","ג׳ימבו ג׳יי ורביד פלוטניק",Em,0.37,Am,Em,64,low-confidence,Em
2000473,"אנחנו","גיא מזיג",Em,0.77,Gm,E,150,ok,Em
2000474,"לבד במדבר","גיא מזיג",Bm,1,Bm,Bm,154,ok,Bm
2000475,"בדמעות שאת בוכה","פבלו רוזנברג",Am,0.74,Am,Em,114,ok,Am
2000476,"ככה וככה","שלום חנוך",Am,1,Am,Dm,80,ok,Am
2000477,"גבעת התחמושת","להקת פיקוד דרום",Dm,1,Dm,Dm,129,ok,Dm
2000478,"על כפיו יביא","רבקה זוהר",Am,1,Am,Am,114,ok,Am
2000479,"אור וירושלים","הפרברים",Em,1,Am,Em,137,ok,Em
2000480,"שישו את ירושלים","צמד דרום",Am,1,Am,Am,18,ok,Am
2000481,"לך ירושלים","יהורם גאון",Am,1,Am,Am,87,ok,Am
2000482,"ירושלים של זהב","נעמי שמר",Am,1,Am,Am,144,ok,Am
2000483,"לשוב הביתה","ישי ריבו",D,0.49,Bm,A,106,low-confidence,D
2000484,"מסע","אליעד",Cm,0.97,Cm,Fm,104,ok,Cm
2000485,"רסיסים","רביב כנר",G,0.37,Am,G,87,low-confidence,G
2000486,"עכשיו כולם רוקדים","עידן עמדי",F#m,1,F#m,F#m,94,ok,F#m
2000487,"מי מפחד מגברת לוין","השלושרים",G,1,D,C,100,ok,G
2000488,"סיגליות","דיוויד ברוזה",Am,1,Am,A,149,ok,Am
2000489,"חלומות אחרים","מאיר בנאי",Am,1,Am,E,75,ok,Am
2000490,"הראשונה","משה פרץ",C,0.87,F,C,115,ok,C
2000491,"סוף","נדב כהן",Am,1,Am,Am,108,ok,Am
2000492,"אחרי כל השנים","עומר אדם",Am,1,Am,Am,119,ok,Am
2000493,"כמה פעמים","שירי מימון",D,0.5,F,A,131,low-confidence,D
2000494,"עד סוף העולם","חיים משה ויואב יצחק",Am,1,Dm,Am,99,ok,Am
2000495,"ויקיפדיה","חנן בן ארי",C,1,C,C,97,ok,C
2000496,"תיבת הזמרה נפרדת (על העיר עפות יונים)","הפרברים",Em,1,Em,Em,117,ok,Em
2000497,"החולמים אחר השמש","הפרברים",Am,1,Am,Am,92,ok,Am
2000498,"קול ממדרונות","הפרברים",Dm,0.4,Am,Bbm,202,low-confidence,Dm
2000499,"לילי שלי","השלושרים",G,0.31,Em,G,98,low-confidence,G
2000500,"באת לי פתאום","קרן פלס ורוני אלטר",Cm,1,Cm,Cm,103,ok,Cm
2000501,"שמש","חנן בן ארי",F#m,1,F#m,Bm,109,ok,F#m
2000502,"אמא אם הייתי","חנן בן ארי",Dm,1,Dm,Dm,157,ok,Dm
2000503,"היו לילות","אסתר עופרים",Am,1,Am,Am,127,ok,Am
2000504,"אהבה מעבר לפינה","שרית חדד",Dm,1,Dm,Dm,112,ok,Dm
2000505,"שיר העמק","הפרברים",Em,0.72,G,Em,156,ok,Em
2000506,"בחום של תל אביב (פרחה במרצדס)","שרית חדד",Bb,0.52,Bb,Ebm,92,low-confidence,Bb
2000507,"בגללך","אריק איינשטיין",Em,1,Em,Em,89,ok,Em
2000508,"גברת עם סלים","אריק איינשטיין",G,1,G,G,63,ok,G
2000509,"חייך וחיי","גידי גוב וריטה",Em,0.72,G,E,122,ok,Em
2000510,"שירי לי כנרת","מילי מירן",Bm,1,D,Bm,130,ok,Bm
2000511,"הו מרגנית","מילי מירן",Em,1,Em,Em,154,ok,Em
2000512,"מי תרצי","גידי גוב",E,1,F#m,E,93,ok,E
2000513,"ציפורים נודדות","הפרברים",Dm,1,D,Dm,102,ok,Dm
2000514,"ברוש","אריאל זילבר",G,1,G,G,52,ok,G
2000515,"שתיים בלילה","משה פרץ",C,1,C,Db,99,ok,C
2000516,"בואי נפרד","חמי רודנר",C,1,C,C,156,ok,C
2000517,"השנה החדשה שלי","אוהד חיטמן",Em,1,C,Em,119,ok,Em
2000518,"ואת","הראל סקעת",Em,0.7,Am,Em,95,ok,Em
2000519,"שמיים","יגאל בשן",G,1,G,G,100,ok,G
2000520,"לפעמים","רון שובל",Am,1,Am,Am,83,ok,Am
2000521,"מציאות אחרת","אייל גולן",Dm,1,Dm,Dm,88,ok,Dm
2000522,"ילד אתה שואל","עוזי חיטמן",F,1,F,F,101,ok,F
2000523,"חורף","גידי גוב",Em,0.67,G,Bb,132,ok,Em
2000524,"צל עץ תמר","זוהר ארגוב",Am,1,Am,Am,48,ok,Am
2000525,"רוב הזמן את אשתי","שלמה ארצי",Em,1,Em,Em,113,ok,Em
2000526,"שניים","שלמה ארצי וריטה",Em,1,Em,Em,49,ok,Em
2000527,"לפנייך","אוהד חיטמן",Dm,1,Dm,Dm,142,ok,Dm
2000528,"איילת אהבים","שלישיית גשר הירקון",Em,1,Em,B,77,ok,Em
2000529,"אלוהיי","שלמה ארצי ואברהם טל",Am,1,Am,Am,130,ok,Am
2000530,"זו אותה האהבה","אריק איינשטיין",F,0.48,D,Ab,73,low-confidence,F
2000531,"לי ולך","אריק איינשטיין",C,1,C,C,99,ok,C
2000532,"תזמורת של ממש","עוזי חיטמן",F,1,F,F,158,ok,F
2000533,"שהשמש תעבור עלי","ירדנה ארזי",Am,1,Am,Am,119,ok,Am
2000534,"גידי","שרון ליפשיץ",C,1,C,G,134,ok,C
2000535,"קצת עצבון ערבה","משה דץ",Em,1,Em,Fm,140,ok,Em
2000536,"מקיץ אל חלום","גלי עטרי",Am,1,Am,Am,98,ok,Am
2000537,"ההר הירוק תמיד","הגבעטרון",Em,1,Am,Em,142,ok,Em
2000538,"אתה לי ארץ","ירדנה ארזי",Em,1,B,Em,123,ok,Em
2000539,"מיקה","אפרים שמיר",Em,1,G,E,105,ok,Em
2000540,"סוכר בתה","כוורת",Em,1,Em,Em,11,ok,Em
2000541,"את חירותי","חוה אלברשטיין",Am,1,Am,Am,73,ok,Am
2000542,"כלום לא טעים","קרן פלס",Em,0.56,Em,Gm,95,ok,Em
2000543,"לא אני הוא האיש","צביקה פיק",Em,1,Bm,Em,156,ok,Em
2000544,"ימי התום","ריטה",D,1,D,D,102,ok,D
2000545,"ציפורים כהות עפות לאט מעל העיר","דני רובס",Em,1,Em,Bm,159,ok,Em
2000546,"שיר הרעות","להקת הנחל",Gm,1,Bb,Gm,90,ok,Gm
2000547,"זוהי יפו","אבי טולדנו",Cm,1,Cm,Cm,100,ok,Cm
2000548,"לתת","בועז שרעבי",Em,1,Em,Gm,78,ok,Em
2000549,"פשוט שריונר","להקת גייסות השריון",Em,1,B,Em,206,ok,Em
2000550,"קטיושקה","הגבעטרון",Am,0.65,A,Am,26,ok,Am
2000551,"נעורי זהב","הגבעטרון",Em,1,Em,Em,104,ok,Em
2000552,"חברים","שייקה לוי",Bm,0.4,Em,Cm,111,low-confidence,Bm
2000553,"תחזרי","אייל גולן וארקדי דוכין",C,1,F,C,133,ok,C
2000554,"הורה","אבי טולדנו",Em,0.64,G,Fm,149,ok,Em
2000555,"הפעם האחרונה","רונה קינן וג'יין בורדו",F#m,1,F#m,F#m,114,ok,F#m
2000556,"שבת בבוקר","אריק איינשטיין",E,1,E,E,89,ok,E
2000557,"נשמה שלי","עידן חביב",G,0.75,Em,G,104,ok,G
2000558,"ילד ואבא ואמא","עילי בוטנר וילדי החוץ",Bm,0.7,Bm,Am,127,ok,Bm
2000559,"בללייקה","אילנית",Em,1,Em,Fm,148,ok,Em
2000560,"יד ביד","עפרה חזה",Am,1,Am,A,150,ok,Am
2000561,"מחרוזת הורה","עממי",Am,0.96,C,Am,225,ok,Am
2000562,"מחרוזת שבועות","עממי",Am,0.87,F,G,239,ok,Am
2000563,"אחלה עולם","גידי גוב",C,1,C,C,82,ok,C
2000564,"פסק זמן","אריק איינשטיין",A,0.68,Em,D,100,ok,A
2000565,"סלינו על כתפינו","עממי",C,1,C,C,63,ok,C
2000566,"אבינועם בחור כארז","הדודאים",Am,1,Am,Am,83,ok,Am
2000567,"ציפור שניה","חוה אלברשטיין",Am,1,F,Am,109,ok,Am
2000568,"החיים יפים","אחינועם ניני",E,0.53,E,C#m,98,low-confidence,E
2000569,"דרישת שלום","ירדנה ארזי",Am,1,Am,Am,143,ok,Am
2000570,"מרש הדייגים","הדודאים והפרברים",Am,1,Dm,Am,60,ok,Am
2000571,"היא רוקדת","ירדנה ארזי",Am,1,Am,Bm,101,ok,Am
2000572,"הכינור הנאמן","ירדנה ארזי",Am,1,Am,Am,85,ok,Am
2000573,"על כל אלה (על הדבש ועל העוקץ)","נעמי שמר",C,1,C,C,131,ok,C
2000574,"חופים","חוה אלברשטיין",Em,1,Em,Em,61,ok,Em
2000575,"חולצה כחולה","הגבעטרון",Em,1,Em,Em,10,ok,Em
2000576,"במזרח זורח ורד","תנועות הנוער",Am,1,Am,Am,74,ok,Am
2000577,"למי אכפת מה שיהיה","הגבעטרון",Am,1,A,Am,86,ok,Am
2000578,"בדרך חזרה","אבי טולדנו",Am,1,F,Bbm,84,ok,Am
2000579,"אל הדרך","אילנית",Em,1,Am,Em,65,ok,Em
2000580,"הדרך אל הכפר","רבקה זוהר",Am,1,Dm,Am,127,ok,Am
2000581,"נחל תנינים","חוה אלברשטיין",Am,1,Am,Am,122,ok,Am
2000582,"בלדה על סוס (חלק 1)","חוה אלברשטיין",A,0.57,Dm,Am,99,ok,A
2000583,"בלדה על סוס (חלק 2)","חוה אלברשטיין",D,0.48,Gm,Am,101,low-confidence,D
2000584,"מגדים","עמנואל זמיר",Am,1,Am,Am,45,ok,Am
2000585,"דבקה החמור","עמנואל זמיר",Gm,0.56,Gm,F,53,ok,Gm
2000586,"שיר הנוקדים","הדודאים",Em,1,Em,Em,63,ok,Em
2000587,"מחנה זה עניין רב תועלת","תנועות הנוער",C,1,C,C,60,ok,C
2000588,"פנינו אל השמש העולה","תנועות הנוער",Em,1,Em,Em,46,ok,Em
2000589,"ערב שח","עמנואל זמיר",Am,1,Am,Am,18,ok,Am
2000590,"אילו ציפורים","להקת הנחל",C,1,C,Db,124,ok,C
2000591,"האמנם (את תלכי בשדה)","חוה אלברשטיין",Am,1,Am,Am,126,ok,Am
2000592,"משירי ארץ אהבתי (מכורה שלי)","חוה אלברשטיין",Am,1,F,Am,130,ok,Am
2000593,"הלילה הוא שירים","חוה אלברשטיין",G,0.59,Em,G,119,ok,G
2000594,"אני אוהב אותך לאה","צביקה פיק",Am,1,Am,Am,92,ok,Am
2000595,"בית אבי","יהורם גאון",Em,1,Em,Em,82,ok,Em
2000596,"נאסף תשרי","צביקה פיק",Em,1,Em,Fm,171,ok,Em
2000597,"אלף נשיקות","יהורם גאון",Em,1,Am,Em,121,ok,Em
2000598,"אומרים ישנה ארץ","נעמי שמר",C,0.52,C,Am,135,low-confidence,C
2000599,"תפתחי חלון","אליאב זוהר",Am,1,Am,Am,57,ok,Am
2000600,"לא נפסיק לשיר","יהורם גאון",E,0.85,Em,E,69,ok,E
2000601,"זמנים קטנים","טיפקס",Cm,1,Cm,G,113,ok,Cm
2000602,"בשנה הבאה","נעמי שמר",Am,1,Am,Am,84,ok,Am
2000603,"שיר ביתר","הבנימינים",F,1,F,F,60,ok,F
2000604,"מיכל","אליאב זוהר",Em,1,F#m,Em,60,ok,Em
2000605,"רגע נצחון","רבקה זוהר",Am,1,Am,Am,78,ok,Am
2000606,"שיר לחודש תשרי","דתיה בן דור",F#m,1,A,F#m,85,ok,F#m
2000607,"דרך המלך","גילי וגלית",C,1,C,C,115,ok,C
2000608,"אל בורות המים","נעמי שמר",Em,1,G,Em,109,ok,Em
2000609,"תן סימן","יושי",Cm,0.5,Cm,Bm,123,low-confidence,Cm
2000610,"מקום","חנן בן ארי",Dm,1,Dm,A,102,ok,Dm
2000611,"הימים עוברים","אברהם טל",C,1,C,C,70,ok,C
2000612,"Cada Dia","עידן רייכל",Cm,1,Cm,Cm,119,ok,Cm
2000613,"סטירת לחי","מתי כספי",F,0.65,Bb,C,75,ok,F
2000614,"ברחובות פריז","יאיר זיו",D,1,D,D,116,ok,D
2000615,"לתת ולקחת","שלמה ארצי ודודו טסה",D,1,D,D,130,ok,D
2000616,"שדות של אירוסים","שלמה ארצי",Am,1,Am,Am,104,ok,Am
2000617,"אני שומע שוב (שיר חייל)","שלמה ארצי",Em,1,Em,Em,169,ok,Em
2000618,"שישה","שלמה ארצי",G,0.67,F,C,111,ok,G
2000619,"שיר לערב חג","מירי אלוני",Gm,0.91,Gm,Abm,164,ok,Gm
2000620,"ריבים קטנים","הכבש השישה עשר",C,1,C,C,56,ok,C
2000621,"נפרדנו כך","נורית גלרון והראל סקעת",C,0.69,Fm,Em,137,ok,C
2000622,"גורל אחד","עפרה חזה",Bm,0.85,Em,Bm,112,ok,Bm
2000623,"שיר המטבחון","גיא רפפורט",C,1,C,C,61,ok,C
2000624,"פמלה","בועז שרעבי",Em,1,Em,Em,104,ok,Em
2000625,"אש","רמי קלינשטיין",G,1,G,G,105,ok,G
2000626,"שקופים","קרן פלס ורון בוחניק",Gm,1,Gm,Gm,123,ok,Gm
2000627,"קחי לך","ריטה ומשי קליינשטיין",Dm,0.7,Dm,Bb,82,ok,Dm
2000628,"הולכת איתך","נרקיס",Em,0.65,Em,D,71,ok,Em
2000629,"יחד","חלב ודבש",Am,1,Am,Am,70,ok,Am
2000630,"ברקים ורעמים","הכבש השישה עשר",G,1,G,G,190,ok,G
2000631,"לילה טוב","הכבש השישה עשר",C,1,C,C,41,ok,C
2000632,"יד ביד (ולב אל לב)","ילדי הפסטיגל",A,0.57,A,C,106,ok,A
2000633,"שיר לאהבה","גאיה ודין דין אביב",G,1,G,G,80,ok,G
2000634,"אבא שחור לבן","דני רובס",Am,0.83,Dm,Am,125,ok,Am
2000635,"אהובי","דניאל סלומון ודנה עדיני",F,0.7,Dm,F,104,ok,F
2000636,"לו יהי","נעמי שמר",Am,1,C,Am,119,ok,Am
2000637,"הימים שעוד נכונו לנו","חנן יובל ודודו אלהרר",C,1,C,C,117,ok,C
2000638,"גן הסתיו","אילנית",Bm,1,Em,Bm,143,ok,Bm
2000639,"יהיה טוב","דיוויד ברוזה",C,1,C,C,160,ok,C
2000640,"שיר תקווה","מירי מסיקה",Em,1,Em,Em,103,ok,Em
2000641,"שרק תחייך","יובל דיין",Bm,0.56,Bm,Em,98,ok,Bm
2000642,"כשתבוא","בועז שרעבי",Em,1,Em,Em,127,ok,Em
2000643,"שבורי לב","חנן בן ארי",Em,1,Em,Em,130,ok,Em
2000644,"יהיה טוב","יסמין מועלם",Bm,0.75,Bm,G,78,ok,Bm
2000645,"רקפות בין הסלעים","אריאל הורוביץ",Am,1,Am,Bbm,132,ok,Am
2000646,"אצלנו בגן","שי-לי עטרי",Cm,1,Fm,Ebm,119,ok,Cm
2000647,"רוח סתיו","אריק איינשטיין",Cm,0.69,Cm,Cm,84,ok,Cm
2000648,"מה עושות האיילות","אריק איינשטיין",Eb,0.39,Eb,G,116,low-confidence,Eb
2000649,"היי שקטה","ריקי גל",D,1,D,D,90,ok,D
2000650,"כל שעה נשיקה","חוה אלברשטיין",C,1,C,C,111,ok,C
2000651,"לצאת מדיכאון","יגל אושרי",F,0.62,Am,Bb,95,ok,F
2000652,"שיר לאמא","אלון עדר",C,1,C,C,119,ok,C
2000653,"בקצה ההר","גידי גוב",Em,1,Em,Em,118,ok,Em
2000654,"קול אחד","רועי נויפלד",Cm,1,Cm,Cm,86,ok,Cm
2000655,"שיר למעלות","עממי",Am,1,Am,Am,29,ok,Am
2000656,"מיכלי (רק מילים)","יאיר רוזנבלום ועוזי חיטמן",,,,,0,no-chords,
2000657,"שיר השוק","התרנגולים",Em,1,Em,Em,106,ok,Em
2000658,"מחרוזת פורים","עממי",Am,1,C,Am,121,ok,Am
2000659,"סימן שאתה צעיר","שלישיית גשר הירקון",C,1,C,C,93,ok,C
2000660,"שיר שמח","עממי",B,1,B,B,48,ok,B
2000661,"נערה ממש אוצר","עליזה עזיקרי",Am,1,Dm,Am,83,ok,Am
2000662,"מה אומרות עינייך","אסתר עופרים",Em,1,Em,Em,32,ok,Em
2000663,"שושנה שושנה","יפה ירקוני",C,1,C,C,48,ok,C
2000664,"לא תנצחו אותי","יהורם גאון",Am,1,Am,Am,114,ok,Am
2000665,"שאריות מעצמי","שיר לוי",Em,0.47,Dm,D,96,low-confidence,Em
2000666,"יוניקורן","נועה קירל",F#m,1,D,F#m,79,ok,F#m
2000667,"סהרה","טונה",Dm,0.89,Am,Bb,53,ok,Dm
2000668,"לך לישון","אנה זק",Am,1,Am,Am,44,ok,Am
2000669,"הזמן מרפא","איריס אברהם",Am,1,Am,Am,111,ok,Am
2000670,"בדרך אל האור","הדודאים",Am,0.57,C,Am,123,ok,Am
2000671,"אנחנו לא צריכים","שלמה ארצי",Am,1,Am,Am,129,ok,Am
2000672,"האור בקצה","אריק איינשטיין",Am,1,Am,Am,132,ok,Am
2000673,"הלאה","רבקה זוהר",Em,0.53,E,Em,84,low-confidence,Em
2000674,"אמן","ליאורה",C,1,C,D,104,ok,C
2000675,"השיר על הארץ","נורית גלרון",C,1,C,C,120,ok,C
2000676,"ג׳בל רוס","צוות הווי גולני",Dm,1,Dm,Dm,86,ok,Dm
2000677,"חום יולי אוגוסט","שלמה ארצי",F#m,1,F#m,F#m,135,ok,F#m
2000678,"נחמה","חוה אלברשטיין",Em,1,Em,Em,84,ok,Em
2000679,"ללכת שבי אחרייך","אילנית",F,0.65,Am,Bbm,96,ok,F
2000680,"בארץ הזאת","עוזי חיטמן",Em,1,Em,Em,142,ok,Em
2000681,"יש פרחים","להקת פיקוד מרכז",C,1,Ab,C,100,ok,C
2000682,"כשאהיה גדול (שוטי שוטי ספינתי)","להקת חיל הים",C#m,1,C#m,C#m,115,ok,C#m
2000683,"רונה","סמיר שוקרי",Em,1,Em,Em,72,ok,Em
2000684,"לבכות לך","אריק איינשטיין / אביב גפן",Em,1,Em,Em,80,ok,Em
2000685,"מי ידע שכך יהיה","בועז שרעבי",Am,1,Dm,Am,149,ok,Am
2000686,"מי שחלם","להקת גייסות השריון",Am,1,Am,Bm,131,ok,Am
2000687,"פה בארץ חמדת אבות","עממי",Em,1,Em,Em,33,ok,Em
2000688,"לחיי העם הזה","יהורם גאון",Am,1,Dm,Am,157,ok,Am
2000689,"חלום יעקב","עידן חיים דוד",Dm,1,Gm,Dm,67,ok,Dm
2000690,"בלדה ללוחם","יובל גורן ושניר אור לוי",,,,,0,no-chords,
2000691,"ארץ ערבה","גיא מזיג",Em,0.99,Em,Cm,125,ok,Em
2000692,"בדד","זוהר ארגוב",Em,1,Em,Fm,134,ok,Em
2000693,"שיר לנטע","ניר כנען",G,1,G,G,130,ok,G
2000694,"הנה ימים באים","אילנית",Em,1,Am,Em,86,ok,Em
2000695,"שינויי מזג האוויר","שלמה ארצי",F#m,1,F#m,F#m,65,ok,F#m
2000696,"מה יהיה מחר","פאר טסי",Am,1,Am,Am,106,ok,Am
2000697,"אחרי הנצח","פאר טסי",Am,1,Am,Am,130,ok,Am
2000698,"עם ישראל חי","אייל גולן",Am,1,Am,F,101,ok,Am
2000699,"עטלף עיוור","חנן בן ארי",Gm,0.96,Cm,Gm,70,ok,Gm
2000700,"תחזור","רוני דלומי",F,0.37,Bb,C,90,low-confidence,F
2000701,"ארים ראשי","שי גבסו",F#m,1,F#m,F#m,110,ok,F#m
2000702,"סליחה","מתי כספי",Dm,1,Gm,Dm,87,ok,Dm
2000703,"ונתנה תוקף","הגבעטרון",Am,1,A,Am,32,ok,Am
2000704,"שדות זרים","מוטי עזו",F,1,F,F,83,ok,F
2000705,"ילדונת","עוזי פוקס",Am,0.91,Am,E,79,ok,Am
2000706,"גחלת נעורים","יהודה חן הגדול",Em,1,Em,Em,74,ok,Em
2000707,"בובה זהבה","החלונות הגבוהים",Am,1,Am,Bb,32,ok,Am
2000708,"כל השבוע לך","החלונות הגבוהים",D,1,D,D,89,ok,D
2000709,"אילו כל האוהבים","הפרברים",Em,1,Em,Em,171,ok,Em
2000710,"כמה נעים","החלונות הגבוהים",D,1,D,D,67,ok,D
2000711,"עיר נמל","אייל גולן",Am,1,E,Am,92,ok,Am
2000712,"בשש או בשבע","השלושרים",Dm,1,Abm,Dm,97,ok,Dm
2000713,"איפה נטשה ופייר","השלושרים",Dm,0.66,Dm,Em,100,ok,Dm
2000714,"לוחמת","אייל גולן",Am,1,Am,Am,123,ok,Am
2000715,"יפה שלי","אייל גולן",Am,1,Dm,Am,115,ok,Am
2000716,"דמעות","אייל גולן",Am,1,Am,Am,90,ok,Am
2000717,"אם יש גן עדן","אייל גולן",Am,1,Am,Am,93,ok,Am
2000718,"הלב שלי","ישי ריבו",Am,1,Am,Am,110,ok,Am
2000719,"תמיד אוהב אותי","ששון שאולוב",Am,1,Am,Am,120,ok,Am
2000720,"אנשים טובים","נעמי שמר",C,0.82,Am,C,112,ok,C
2000721,"ולס להגנת הצומח","להקת הנחל",C,1,C,C,127,ok,C
2000722,"אח יא ראב","זאב רווח",C,0.86,Cm,C,105,ok,C
2000723,"מקהלה עליזה","חוה אלברשטיין",C,0.87,C,C,84,ok,C
2000724,"ממך עד אליי","חנן בן ארי",Cm,1,Cm,Gm,83,ok,Cm
2000725,"צדיק כתמר יפרח","עממי",Em,1,Em,Em,21,ok,Em
2000726,"בארץ אהבתי","רוחמה רז",Dm,1,Dm,Dm,132,ok,Dm
2000727,"גיבור על","יובל המבולבל",D,1,D,Eb,84,ok,D
2000728,"אין לי ארץ אחרת","גלי עטרי",Dm,1,Dm,Dm,67,ok,Dm
2000729,"חופשי ומאושר","בועז שרעבי",Em,0.87,Em,G,79,ok,Em
2000730,"מחוזקים לעולם","אברהם טל",G,1,G,G,93,ok,G
2000731,"לנצח נשאר","אמיר פיי גוטמן",Am,0.5,Am,Bm,66,low-confidence,Am
2000732,"יש לי יום יום חג","נעמי שמר",Am,1,Am,Bm,133,ok,Am
2000733,"ניצנים נראו בארץ","הגבעטרון",Am,1,Am,Am,34,ok,Am
2000734,"שמרי לי על המנגינה","יהורם גאון",Am,1,Am,Am,113,ok,Am
2000735,"ים השיבולים","הגבעטרון",Am,0.92,Dm,E,139,ok,Am
2000736,"מה אברך","רבקה זוהר",Am,0.85,Am,Bbm,151,ok,Am
2000737,"אתה לבד","דני סנדרסון",Am,1,Am,D,74,ok,Am
2000738,"החול יזכור","חוה אלברשטיין",Am,0.95,F,Am,92,ok,Am
2000739,"אנחנו מאותו הכפר","להקת פיקוד מרכז",Am,1,Am,Am,147,ok,Am
2000740,"הביתה","ירדנה ארזי",Am,1,Am,Am,122,ok,Am
2000741,"גיבור של אמא","משה פרץ",Am,1,Am,Am,128,ok,Am
2000742,"שלום כיתה א׳","תיקי דיין",C,1,C,Cm,143,ok,C
2000743,"רחוב סומסום","יוני רכטר",E,0.78,E,E,65,ok,E
2000744,"בלי סודות","בלי סודות",G,1,G,G,44,ok,G
2000745,"יש לי אהוב בסיירת חרוב","להקת פיקוד מרכז",Bm,0.37,G,Bm,112,low-confidence,Bm
2000746,"איריסים","עפרה חזה",A,0.46,A,Bb,85,low-confidence,A
2000747,"השר משה מונטיפיורי","יהורם גאון",G,1,G,Em,273,ok,G
2000748,"יצאנו אט","אריק איינשטיין",Cm,0.8,G,C,80,ok,Cm
2000749,"הכל זהב","התרנגולים",Am,1,Am,Am,146,ok,Am
2000750,"אם בחיים לא נאהב","דני סנדרסון",Cm,1,F,Cm,119,ok,Cm
2000751,"קפה טורקי","אריק איינשטיין",D,1,F,D,98,ok,D
2000752,"איזבל","עקיבא נוף",Am,1,Am,Am,155,ok,Am
2000753,"בשעה שכזאת","אריק סיני",Cm,1,Cm,Cm,111,ok,Cm
2000754,"היושבת בשורה הראשונה","השלושרים",D,1,C,D,77,ok,D
2000755,"התחדשות (אחרי החגים)","עפרה חזה",C,1,C,C,158,ok,C
2000756,"תודה","חיים משה",Em,1,Em,Em,80,ok,Em
2000757,"אמן על הילדים","חנן בן ארי",Am,1,Dm,Am,93,ok,Am
2000758,"כותל המזרח","אביבה אבידן ודקלון",Am,1,Am,Am,73,ok,Am
2000759,"בשדות בית לחם","הדודאים",Em,1,Em,Em,83,ok,Em
2000760,"תפוח חינני","הדודאים",D,1,D,D,34,ok,D
2000761,"כיבוי אורות (למדבר)","הדודאים",Bm,1,Bm,Bm,112,ok,Bm
2000762,"הכל עד לכאן","עמיר בניון",Em,1,C,Em,132,ok,Em
2000763,"רקמה אנושית אחת","חוה אלברשטיין",C,1,C,C,142,ok,C
2000764,"עוד יום","גלי עטרי",D,1,Am,D,125,ok,D
2000765,"כל כך מוכר","מרגלית צנעני",Em,1,Em,Em,79,ok,Em
2000766,"אתן לך","אייל גולן",Am,1,F,Am,78,ok,Am
2000767,"יא מאמא","שמעון בוסקילה",Em,1,G,Em,105,ok,Em
2000768,"הרבה פנים","רמי קלינשטיין",Am,0.36,Dm,Am,97,low-confidence,Am
2000769,"הליכה לקיסריה","חנה סנש",Cm,1,Cm,Cm,31,ok,Cm
2000770,"ישמחו השמיים","עממי",Em,1,Em,B,24,ok,Em
2000771,"יברכך","צמד רעים",Dm,1,Dm,Dm,31,ok,Dm
2000772,"תנו לי רוקנרול","תיסלם",C,1,C,C,88,ok,C
2000773,"לא טוב היות האדם לבדו","יהודית רביץ",F,0.92,F,F,97,ok,F
2000774,"איך זה שכוכב","מתי כספי",Am,0.68,C,A,96,ok,Am
2000775,"שיר עם נקי","מתי כספי",Fm,1,Eb,Fm,163,ok,Fm
2000776,"רומנטיקה","צביקה פיק",G,1,G,A,95,ok,G
2000777,"מדע בדיוני","אייל גולן",Am,1,Am,Am,93,ok,Am
2000778,"עוף מוזר","פאר טסי",Em,1,Em,Em,91,ok,Em
2000779,"תוכו רצוף אהבה","ישי ריבו",Em,0.41,C,D,122,low-confidence,Em
2000780,"רוז","פאר טסי",G,0.35,Em,G,83,low-confidence,G
2000781,"שלושים ושמונה","פאר טסי",Am,0.37,Am,B,84,low-confidence,Am
2000782,"רחוק מכולם","עומר אדם",F,0.4,F,Em,126,low-confidence,F
2000783,"לילות וקללות","עומר אדם",A,0.9,F#m,A,55,ok,A
2000784,"אהבה חולה","פאר טסי",Am,1,Am,E,52,ok,Am
2000785,"הלוואי","חנן בן ארי ופאר טסי",C,1,C,C,89,ok,C
2000786,"אהבה","אושר כהן",Am,0.47,F,G,55,low-confidence,Am
2000787,"רוקד עם הכאב","פאר טסי",Am,1,Am,F,107,ok,Am
2000788,"קחי לך זמן","יציאת חירום",G,0.4,Am,Am,109,low-confidence,G
2000789,"יש לך אותך","מירי מסיקה ומיקה משה",C#m,1,C#m,Em,99,ok,C#m
2000790,"מישהו איתי כאן","בניה ברבי",Dm,1,Dm,Dm,86,ok,Dm
2000791,"חלומות מתגשמים","צביקה פיק",A,0.38,Am,Bm,103,low-confidence,A
2000792,"רולקס וקסקט","עדן בן זקן",Dm,1,Dm,Dm,72,ok,Dm
2000793,"אחלום לנצח","מופע הארנבות של דוקטור קספר",Am,1,Am,Am,83,ok,Am
2000794,"שלח לי מלאך","משינה",F#m,0.38,F#m,F#m,93,low-confidence,F#m
2000795,"חיוכים","חוה אלברשטיין",Em,1,Am,Em,92,ok,Em
2000796,"מחר","נעמי שמר",Dm,1,Dm,Dm,88,ok,Dm
2000797,"חורשת האקליפטוס","נעמי שמר",Dm,1,Dm,Dm,130,ok,Dm
2000798,"רנה","אריאל הורוביץ",Am,0.93,Am,Bm,111,ok,Am
2000799,"ערב של שושנים","הפרברים",Em,1,Em,Em,66,ok,Em
2000800,"ערב של שושנים","הדודאים",Em,1,Em,Em,67,ok,Em
3000001,"You've Got to Hide Your Love Away","The Beatles",G,1,G,G,109,ok,G
3000002,"Help","The Beatles",A,1,Bm,A,70,ok,A
3000003,"Time Of Your Life","Green Day",G,1,G,G,109,ok,G
3000004,"Jealous Guy","John Lennon",G,1,G,G,132,ok,G
3000005,"Everybody hurts","REM",D,0.72,D,G,119,ok,D
3000006,"Space Oddity","David Bowie",Am,0.53,F,E,104,low-confidence,Am
3000007,"Nights in White Satin","Moody Blues",Em,1,Em,Em,102,ok,Em
3000008,"One","U2",Am,0.55,Am,C,83,ok,Am
3000009,"Angie","The Rolling Stones",C,0.69,Am,C,155,ok,C
3000010,"Everything For Free","K's Choise",Bm,1,Bm,Bm,117,ok,Bm
3000011,"Happy Together","Turtles",Em,1,Em,E,69,ok,Em
3000012,"Let it Be","The Beatles",C,1,C,C,177,ok,C
3000013,"In The Ghetto","Elvis Presley",A,0.95,A,A,174,ok,A
3000014,"Romeo and Juliet","Dire Straits",F,1,F,C,191,ok,F
3000015,"House Of The Rising Sun","The Animals",Am,1,Am,Am,171,ok,Am
3000016,"Heaven","Bryan Adams",C,0.8,C,G,153,ok,C
3000017,"Dust in The Wind","Kansas",Am,0.85,C,A,130,ok,Am
3000018,"Long Train Running","The Doobie Brothers",Am,1,Am,Am,44,ok,Am
3000019,"He ain't Heavy, He's my Brother","The Hollies",G,1,G,D,100,ok,G
3000020,"Sister Golden Hair","America",E,1,C#m,E,97,ok,E
3000021,"Comfortably Numb","Pink Floyd",Bm,0.41,Bm,Bm,98,low-confidence,Bm
3000022,"Wish You Were Here","Pink Floyd",Em,0.45,Em,G,74,low-confidence,Em
3000023,"Across the Universe","The Beatles",D,1,D,D,58,ok,D
3000024,"Eternal Flame","Bangles",G,0.93,G,Am,138,ok,G
3000025,"Wuthering Heights","Kate Bush",Db,0.47,A,F#,129,low-confidence,Db
3000026,"What's Up","4 Non Blondes",G,1,G,G,82,ok,G
3000027,"Hero","Chad Kroeger & Josey Scott",E,0.46,Abm,B,67,low-confidence,E
3000028,"Ironic","Alanis Morissette",D,0.59,C,C,134,ok,D
3000029,"Daniel","Elton John",C,1,C,C,102,ok,C
3000030,"Goodbye Yellow Brick Road","Elton john",F,1,F,F,124,ok,F
3000031,"Zombie","Cranberries",Em,1,Em,Em,107,ok,Em
3000033,"Trouble","Coldplay",F,0.31,F,Am,113,low-confidence,F
3000039,"Something","The Beatles",C,0.44,F,C,78,low-confidence,C
3000040,"I Want to Hold Your Hand","The Beatles",G,1,C,G,117,ok,G
3000041,"The Night Before","The Beatles",D,1,D,D,106,ok,D
3000042,"And I Love Her","The Beatles",F#m,0.46,F#m,D,69,low-confidence,F#m
3000043,"I Saw Her Standing There","The Beatles",E,1,E,E,85,ok,E
3000044,"Come Together","The Beatles",Dm,1,Dm,Dm,62,ok,Dm
3000045,"Ziggy Stardust","David Bowie",G,1,G,G,101,ok,G
3000046,"Proud Mary","Creedence Clearwater Revival",D,1,C,D,136,ok,D
3000047,"Day Tripper","The Beatles",E,1,E,E,53,ok,E
3000048,"Born To Be Wild","Steppenwolf",E,1,E,E,101,ok,E
3000049,"Under The Bridge","Red Hot Chilli Peppers",G,0.79,C,G,180,ok,G
3000050,"Easy Like Sunday Morning","Faith No More",G,0.95,G,G,86,ok,G
3000051,"Sad Lisa","Cat Stevens",Em,1,Em,Em,136,ok,Em
3000054,"Bird of Paradise","Snowy White",Dm,1,Dm,Dm,121,ok,Dm
3000055,"More Than Words","Exterme",G,1,G,G,167,ok,G
3000056,"Bridge Over Troubled Water","Simon and Garfunkel",C,1,C,C,162,ok,C
3000065,"Life on Mars","David Bowie",A,0.74,E,A,98,ok,A
3000066,"Hallelujah","Leonard Cohen",C,1,C,C,95,ok,C
3000067,"Creep","Radiohead",G,1,G,G,45,ok,G
3000069,"Eye in The Sky","The Alan Parsons Project",Bm,0.94,Bm,G,77,ok,Bm
3000070,"Karma Police","Radiohead",G,0.4,Am,Bm,150,low-confidence,G
3000071,"Can't Help Falling in Love","Elvis Presley",D,1,D,D,95,ok,D
3000075,"Sweet Child of Mine","Guns N Roses",D,0.95,D,Em,84,ok,D
3000076,"Knocking on Heaven's Door","Guns N Roses",G,0.34,G,C,128,low-confidence,G
3000077,"Crazy","Ninet & Red Band",Dm,1,Dm,Em,42,ok,Dm
3000079,"Secret Smile","Semisonic",F,0.32,Am,F,70,low-confidence,F
3000080,"Against All Odds","Phil Collins",G,1,Dm,G,81,ok,G
3000081,"Will You?","Hazel O'Connor",Dm,1,Dm,Dm,157,ok,Dm
3000083,"Hotel California","Eagles",Am,1,Am,E,64,ok,Am
3000085,"Vincent","Don McLean",G,1,G,G,108,ok,G
3000086,"Speed of Sound","Coldplay",G,0.35,A,G,118,low-confidence,G
3000091,"A Whole New World","Aladdin",D,0.53,D,F,106,low-confidence,D
3000094,"Blue Suede Shoes","Elvis Presley",A,1,A,A,95,ok,A
3000096,"Africa - guitar only","Toto",Bm,0.53,G,Bm,196,low-confidence,Bm
3000097,"Make You Feel My Love","Adele",A,1,A,A,77,ok,A
3000098,"Every Breath You Take","The Police",G,1,G,G,76,ok,G
3000099,"California Dreamin'","The Mamas & The Papas",Dm,1,Dm,Dm,107,ok,Dm
3000100,"The Sound of Silence","Simon and Garfunkel",Dm,1,Dm,Dm,61,ok,Dm
3000101,"Nobody's Wife","Anouk",G,0.39,Em,G,159,low-confidence,G
3000102,"Sultans of Swing","Dire Straits",Dm,1,Dm,C,232,ok,Dm
3000103,"Californication ","Red Hot Chili Peppers",Am,1,Am,Dm,161,ok,Am
3000104,"Psycho killer","Talking Heads",Am,1,Am,Am,86,ok,Am
3000105,"Waterfalls","TLC",G,0.61,D,G,4,ok,G
3000106,"Summer of 69","Bryan Adams",D,1,D,D,73,ok,D
3000107,"Wonderwall","Oasis",Em,1,Em,Em,162,ok,Em
3000108,"Road Trippin'","Red Hot Chili Peppers",Em,1,Em,Em,130,ok,Em
3000109,"Losing My Religion","REM",Am,1,F,Am,71,ok,Am
3000110,"Nothing Else Matters","Metallica",Em,1,Em,Em,175,ok,Em
3000111,"Fly Away","Lenny Kraviz",G,0.58,A,A,121,ok,G
3000112,"The Power of Love","Frankie Goes to Hollywood",Fm,1,Fm,Fm,77,ok,Fm
3000113,"Lithium","Nirvana",D,0.76,D,D,253,ok,D
3000114,"Poison","Alice Cooper",Dm,1,D,Dm,193,ok,Dm
3000115,"Purple Rain","Prince",Bb,1,Bb,Eb,52,ok,Bb
3000116,"Back on the Chain Gang","The Pretenders",A,0.53,D,E,145,low-confidence,A
3000117,"Valerie","Amy Winehouse",D,1,D,D,61,ok,D
3000118,"Heal the World","Michael Jackson",A,0.52,A,Db,176,low-confidence,A
3000119,"I'm Still Standing","Elton John",A,0.82,Am,A,109,ok,A
3000120,"Out Here On My Own","Nikka Costa",G,1,G,G,64,ok,G
3000121,"The River","Bruce Springsteen",Em,0.64,Em,C,134,ok,Em
3000122,"I Got My Mind Set On You","George Harrison",E,1,C#m,E,129,ok,E
3000123,"Cats In The Cradle","Ugly Kid Joe",D,0.59,D,D,162,ok,D
3000124,"Beautiful","Christina Aguilera",D,1,D,D,81,ok,D
3000125,"Africa","Toto",G,0.45,G,Bm,196,low-confidence,G
3000126,"Come As You Are","Nirvana",Em,1,Em,Em,95,ok,Em
3000127,"The Man Who Sold The World","Nirvana",F,1,F,F,82,ok,F
3000128,"All By Myself","Eric Carmen",F,1,F,F,105,ok,F
3000129,"Walking On Sunshine","Katrina & The Waves",A,1,A,A,155,ok,A
3000130,"Summer Nights","Grease Soundtrack",D,1,D,D,204,ok,D
3000131,"I Guess That's Why They Call It The Blues","Elton John",C,1,C,C,171,ok,C
3000132,"Need You Now","Lady Antebellum",C#m,0.41,A,Abm,66,low-confidence,C#m
3000133,"Radio","The Corrs",D,0.87,A,D,124,ok,D
3000134,"She's Always a Woman","Billy Joel",D,1,D,D,138,ok,D
3000135,"Fade Into You","Mazzy Star",Bm,0.58,A,Bm,106,ok,Bm
3000136,"Border Song","Elton John",C,1,C,G,142,ok,C
3000137,"Imagine","John Lennon",C,1,C,C,109,ok,C
3000138,"Let It Go","Frozen",Em,0.33,Em,C,104,low-confidence,Em
3000139,"Lovely Day","Bill Withers",E,0.91,E,Bm,109,ok,E
3000140,"Stairway to Heaven","Led Zepelin",Am,1,Am,F,241,ok,Am
3000141,"Don't Speak","No Doubt",Cm,0.3,Cm,C,169,low-confidence,Cm
3000142,"Weather With You","Crowded House",A,0.97,Em,D,93,ok,A
3000143,"Tears in Heaven","Eric Clapton",A,1,A,A,142,ok,A
3000144,"Tiny Dancer","Elton John",C,1,C,C,227,ok,C
3000145,"While My Guitar Gently Weeps","The Beatles",Am,1,Am,E,120,ok,Am
3000146,"Hey Jude","The Beatles",F,1,F,F,87,ok,F
3000147,"Virtual Insanity","Jamiroquai",Ebm,1,Ebm,Bm,176,ok,Ebm
3000148,"Let it grow","Eric Clapton",Bm,0.77,Bm,A,147,ok,Bm
3000149,"Ticket to ride","The Beatles",G,1,G,G,68,ok,G
3000150,"Layla (Acoustic)","Eric Clapton",Dm,1,Dm,Dm,156,ok,Dm
3000151,"Patience","Guns N Roses",Db,0.87,B,Db,148,ok,Db
3000152,"I'm a Believer","The Monkees",G,1,G,G,165,ok,G
3000153,"Strong","Robbie Williams",D,1,D,D,96,ok,D
3000154,"Money For Nothing","Dire Straits",Gm,1,Gm,Gm,125,ok,Gm
3000155,"Take On Me","A-ha",A,1,Bm,A,142,ok,A
3000156,"Shiny Happy People","REM",A,0.59,G,A,146,ok,A
3000157,"You Give Love A Bad Name","Bon Jovi",Cm,1,Cm,Cm,114,ok,Cm
3000158,"Another Brick In The Wall","Pink Floyd",Dm,1,Dm,Dm,39,ok,Dm
3000159,"Beat It","Michael Jackson",Em,0.6,Ab,Em,104,ok,Em
3000160,"Mr. Jones","Counting Crows",G,0.64,Am,G,145,ok,G
3000161,"Street Spirit (Fade Out)","Radiohead",Am,1,Am,Am,73,ok,Am
3000162,"Wild Horses","The Rolling Stones",G,1,G,G,165,ok,G
3000163,"She's Not There","The Zombies",A,0.72,Am,A,222,ok,A
3000164,"High And Dry","Radiohead",E,1,F#m,E,99,ok,E
3000165,"I'm Gonna Be (500 Miles)","The Proclaimers",E,1,E,E,128,ok,E
3000166,"Just The Two of Us","Bill Withers",Em,1,C,Em,171,ok,Em
3000167,"Blackbird","The Beatles",G,1,G,G,136,ok,G
3000168,"She Loves You","The Beatles",G,1,Em,G,69,ok,G
3000169,"You Can't Hurry love","Phill Collins",G,1,G,G,102,ok,G
3000170,"Reality","Richard Sanderson",G,1,G,G,126,ok,G
3000171,"Light My Fire","The Doors",A,0.77,G,A,122,ok,A
3000172,"Kayleigh","Marillion",D,0.76,Bm,D,141,ok,D
3000173,"Yesterday","The Beatles",F,1,F,F,83,ok,F
3000174,"Hero","Family of the Year ",F,1,F,F,94,ok,F
3000175,"Turn Of A Friendly Card","Alan Parsons Project ",Dm,1,Dm,Dm,126,ok,Dm
3000176,"You've Got A Friend","James Taylor",C,1,C,C,116,ok,C
3000177,"Old And Wise","Alan Parsons Project",C,0.95,Am,A,131,ok,C
3000178,"Wild World","Cat Stevens",C,1,Am,C,125,ok,C
3000179,"Set Fire To The Rain","Adele",C,0.64,Dm,C,110,ok,C
3000180,"Rolling In The Deep","Adele",Cm,0.81,Cm,Cm,109,ok,Cm
3000181,"Fast Car","Tracy Chapman",G,1,C,G,130,ok,G
3000182,"The Way It Is","Bruce Hornsby",C,1,Am,C,180,ok,C
3000183,"Smoke On The Water","Deep Purple",G,1,G,G,179,ok,G
3000184,"Moonlight shaddow","Mike oldfield",E,0.64,E,B,140,ok,E
3000185,"Can't Stop The Feeling","Justin Timberlake",C,0.43,C,C,81,low-confidence,C
3000186,"Message In A Bottle","The Police",F#m,0.69,C#m,F#m,199,ok,F#m
3000187,"Basket Case","Green Day",D,0.85,D,A,178,ok,D
3000188,"I'm Down","The Beatles",G,1,G,G,70,ok,G
3000189,"Don't Let The Sun Go Down On Me","Elton John",C,1,C,C,112,ok,C
3000190,"It Must Be Love","Madness",Am,0.65,Am,D,147,ok,Am
3000191,"Save Tonight","Eagle-Eye Cherry",Am,0.52,Am,G,157,low-confidence,Am
3000192,"True Colors","Cyndi Lauper",C,0.52,Am,F,141,low-confidence,C
3000193,"I Love Rock N Roll","Joan Jett",E,1,E,E,90,ok,E
3000194,"Ready To Go","Republica",D,1,D,D,100,ok,D
3000195,"Black velvet","Alannah Myles",Dm,1,Dm,Dm,100,ok,Dm
3000196,"Don't You Forget About Me","Simple Minds",D,1,D,D,120,ok,D
3000197,"Mrs Robinson","Simon and Garfunkel",F#,0.29,F#,F#,125,low-confidence,F#
3000198,"Streets Of London","Ralph McTell",E,1,E,E,152,ok,E
3000199,"Bohemian Rhapsody","Queen",Bb,0.72,Gm,F,233,ok,Bb
3000200,"The Long And Winding Road","The Beatles",Eb,0.51,Cm,Eb,113,low-confidence,Eb
3000201,"A Horse With No Name","America",D,0.78,Em,D,100,ok,D
3000202,"The Riddle","Nick Kershaw",D,0.36,F#m,Gm,210,low-confidence,D
3000203,"Linger","The Cranberries",D,0.38,G,D,91,low-confidence,D
3000204,"Wannabe","Spice Girls",B,1,B,B,158,ok,B
3000205,"Shape Of My Heart","Sting",F#m,0.69,F#m,Db,185,ok,F#m
3000206,"Clocks","Coldplay",Am,1,D,Em,97,ok,Am
3000207,"A Hard Days Night","The Beatles",G,1,G,Dm,109,ok,G
3000208,"I Like Chopin","Gazebo",Dm,0.59,Dm,A,114,ok,Dm
3000209,"Flowers In The Window","Travis",C,1,C,C,127,ok,C
3000210,"Don't Go Breaking My Heart","Elton John",F,1,F,F,193,ok,F
3000211,"You're The One That I Want","Grease Soundtrack",Am,1,Am,G,56,ok,Am
3000212,"Grease","Frankie Valli",Am,1,Am,Am,93,ok,Am
3000213,"Copacabana","Barry Manilow",Gm,1,Gm,Gm,156,ok,Gm
3000214,"Livin' Thing","Electric Light Orchestra",C,1,C,C,103,ok,C
3000215,"Here Comes The Sun","The Beatles",A,1,A,A,110,ok,A
3000216,"Eight Days A Week","The Beatles",D,1,D,D,86,ok,D
3000217,"Waiting","Green Day",F,0.79,C,F,173,ok,F
3000218,"Two Princes","Spin Doctors",D,1,D,G,120,ok,D
3000219,"One way or another","Blondie",Bm,0.71,D,B,160,ok,Bm
3000220,"Heart of Glass","Blondie",E,1,E,E,64,ok,E
3000221,"Mmm Mmm Mmm Mmm","Crash Test Dummies",F,1,Am,F,150,ok,F
3000222,"Eye Of The Tiger","Survivor",Cm,1,Cm,Ab,159,ok,Cm
3000223,"Like A Prayer","Madonna",Dm,0.61,Dm,Dm,127,ok,Dm
3000224,"Baby One More Time","Britney Spears",Bm,1,A,Bm,129,ok,Bm
3000225,"If You Leave Me Now","Chicago",C,1,C,C,154,ok,C
3000226,"Enjoy The Silence","Depeche mode",Cm,1,Cm,Cm,99,ok,Cm
3000227,"The Logical Song","Supertramp",Cm,0.98,Cm,Ab,122,ok,Cm
3000228,"Dont Look Back In Anger","Oasis",C,1,C,C,178,ok,C
3000229,"Live Forever","Oasis",Am,1,G,Am,89,ok,Am
3000230,"Fifty Ways to Leave Your Lover","Paul Simon",Em,1,Em,G,119,ok,Em
3000231,"Cryin'","Aerosmith",A,1,Bb,A,180,ok,A
3000232,"Reflections Of My Life","The Marmalade",G,1,G,D,124,ok,G
3000233,"American Pie","Don McLean",G,1,G,G,178,ok,G
3000234,"Bette Davis Eyes","Kim Carnes",F,1,Bb,F,157,ok,F
3000235,"Mad World","Gary Jules",A,0.48,Em,A,64,low-confidence,A
3000236,"Black","Pearl Jam",E,1,E,E,75,ok,E
3000237,"I Want To Break Free","Queen",E,1,A,E,106,ok,E
3000238,"In Bloom","Nirvana",Bb,1,Bb,Bb,179,ok,Bb
3000239,"Kiss From A Rose","Seal",Gm,0.49,Eb,G,168,low-confidence,Gm
3000240,"Roar","Katy Perry",A,1,A,A,111,ok,A
3000241,"So Far Away","Dire Straits",E,1,B,E,90,ok,E
3000242,"Killing Me Softly","Roberta Flack",Em,0.69,Em,E,134,ok,Em
3000243,"Private Emotion","Ricky Martin",C,1,C,C,139,ok,C
3000244,"You Know Im No Good","Amy Winehouse",Am,0.84,Dm,Am,80,ok,Am
3000245,"The Show Must Go On","Queen",Bm,1,Bm,Bm,98,ok,Bm
3000246,"Rocketman","Elton John",Gm,0.31,Gm,Eb,83,low-confidence,Gm
3000247,"Under Pressure","Queen",D,1,D,A,104,ok,D
3000248,"About a Girl","Nirvana",Dm,0.84,Dm,F,156,ok,Dm
3000249,"All Apologies","Nirvana",C,1,C,C,32,ok,C
3000250,"The Final Countdown","Europe",F#m,1,F#m,F#m,142,ok,F#m
3000251,"Get Back","The Beatles",A,0.97,A,D,98,ok,A
3000252,"Soon We'll Be Found","Sia",Cm,1,Cm,Cm,128,ok,Cm
3000253,"Woman In Love","Barbra Streisand",Dm,1,Dm,Dm,155,ok,Dm
3000254,"Crazy","Gnarls Barkley",Cm,1,Cm,Cm,55,ok,Cm
3000255,"Another One Bites The Dust","Queen",Fm,1,Fm,Fm,116,ok,Fm
3000256,"Woman","John Lennon",D,1,D,Bb,102,ok,D
3000257,"My Sweet Lord","George Harrison",Db,0.59,F#m,Db,135,ok,Db
3000258,"Crazy","Aerosmith",A,0.67,A,E,138,ok,A
3000259,"God Only Knows","Beach Boys",E,0.73,A,E,62,ok,E
3000260,"Good Vibrations","Beach Boys",Dm,0.54,Dm,C,157,low-confidence,Dm
3000261,"Free Fallin","Tom Petty",F,1,F,C,195,ok,F
3000262,"Learning To Fly","Tom Petty",C,0.7,F,G,196,ok,C
3000263,"Why Worry","Dire Straits",E,0.97,E,B,150,ok,E
3000264,"Hey Joe","Jimi Hendrix",E,1,A,E,142,ok,E
3000265,"Suspicious Minds","Elvis Presley",G,1,G,G,90,ok,G
3000266,"Where The Wild Roses Grow","Nick Cave & Kylie Minogue",Gm,1,Gm,Gm,101,ok,Gm
3000267,"Man On The Moon","REM",C,0.86,C,Em,155,ok,C
3000268,"The Boxer","Simon and Garfunkel",B,1,B,B,174,ok,B
3000269,"Stupid Thing","Aimee Mann",F,1,F,C,122,ok,F
3000270,"Otherside","Red Hot Chili Peppers",Am,1,Am,Am,120,ok,Am
3000271,"Tequila","The Champs",F,1,F,F,178,ok,F
3000272,"What A Wonderful World","Louis Armstrong",F,1,F,F,71,ok,F
3000273,"The Neverending Story","Limahl",G,0.85,C,G,116,ok,G
3000274,"Change The World","Eric Clapton",E,1,E,E,149,ok,E
3000275,"Always The Sun","The Stranglers",D,1,D,D,106,ok,D
3000276,"Let the Sunshine In","Hair",Bm,1,Bm,D,74,ok,Bm
3000277,"Lola","The kinks",E,0.58,C,E,147,ok,E
3000278,"If You Tolerate This Your Children Will Be Next","Manic Street Preachers",G,0.77,Am,G,111,ok,G
3000279,"A Design For Life","Manic Street Preachers",C,0.89,C,F,89,ok,C
3000280,"Love Of My Life","Queen",F,1,C,F,154,ok,F
3000281,"Living On My Own","Freddie Mercury",Am,1,Am,Am,51,ok,Am
3000282,"Another Day In Paradise","Phil Collins ",Em,1,Em,Em,147,ok,Em
3000283,"All The Young Dudes","Mott The Hoople",D,1,D,D,116,ok,D
3000284,"For What Its Worth","Buffalo Springfield",E,1,E,E,85,ok,E
3000285,"Redemption Song","Bob Marley & The Wailers",G,1,G,Am,140,ok,G
3000286,"Seven Nation Army","The White Stripes",Em,1,Em,Em,137,ok,Em
3000287,"Suspicious Minds","Fine Young Cannibals",G,1,G,G,114,ok,G
3000288,"Who wants to live forever","Queen",Em,1,Em,Em,91,ok,Em
3000289,"Keep Yourself Alive","Queen",Dm,0.47,F,B,155,low-confidence,Dm
3000290,"Take Me To Church","Hozier",Em,1,Em,Em,111,ok,Em
3000291,"Dancing In The Dark","Bruce Springsteen",B,1,B,B,117,ok,B
3000292,"Englishman In New York","Sting",A,1,Em,A,183,ok,A
3000293,"Golden Brown","The Stranglers",Am,0.39,Am,G,188,low-confidence,Am
3000294,"My Favorite Mistake","Sheryl Crow",G,0.54,Bm,Bm,127,low-confidence,G
3000295,"Everybody Wants To Rule The World","Tears For Fears",D,0.34,A,G,99,low-confidence,D
3000296,"The Fool On The Hill","The Beatles",D,1,D,Em,81,ok,D
3000297,"Hound Dog","Elvis Presley",C,1,C,C,60,ok,C
3000298,"Here Comes Your Man","Pixies",D,1,G,D,113,ok,D
3000299,"Jumpin Jack Flash","The Rolling Stones",B,0.69,B,A,120,ok,B
3000300,"Jeremy","Pearl Jam",A,1,A,A,105,ok,A
3000301,"Penny Lane","The Beatles",A,1,A,A,120,ok,A
3000302,"Please Please Me","The Beatles",E,1,E,E,85,ok,E
3000303,"Candle In The Wind","Elton John",E,1,B,E,91,ok,E
3000304,"Somebody That I Used To Know","Gotye",C,1,Dm,C,241,ok,C
3000305,"All My Loving","The Beatles",D,1,Em,D,70,ok,D
3000306,"A Day In The Life","The Beatles",Em,1,G,E,101,ok,Em
3000307,"Chasing Pavements","Adele",Cm,0.84,Cm,Eb,115,ok,Cm
3000308,"I'm Not In Love","10cc",A,0.66,A,B,107,ok,A
3000309,"All You Need Is Love","The Beatles",G,0.43,G,G,137,low-confidence,G
3000310,"Everything I Do I Do It For You","Bryan Adams",C,1,C,C,74,ok,C
3000311,"Here There And Everywhere","The Beatles",G,1,G,G,94,ok,G
3000312,"Another Girl","The Beatles",A,1,A,A,73,ok,A
3000313,"Back To The USSR","The Beatles",A,0.98,E,A,79,ok,A
3000314,"Can't Buy Me Love","The Beatles",C,1,Em,C,68,ok,C
3000315,"Hometown Glory","Adele",Bm,1,Bm,Bm,105,ok,Bm
3000316,"I Say A Little Prayer","Aretha Franklin",A,0.56,F#m,A,97,ok,A
3000317,"That's Just What You Are","Aimee Mann",G,1,G,G,152,ok,G
3000318,"Ob-La-Di Ob-La-Da","The Beatles",A,1,E,A,107,ok,A
3000319,"I feel fine","The Beatles",G,1,D,G,60,ok,G
4000060,"Lorelei","Scorpions",Am,0.85,Am,A,102,ok,Am
4000061,"Piano Man","Billy Joel",C,1,C,C,213,ok,C
4000062,"She's Like The Wind","Patrick Swayze",Em,0.66,C,D,110,ok,Em
4000063,"When I Was Your Man","Bruno Mars",F,1,G,F,97,ok,F
4000064,"Your Song","Elton John",D,1,D,D,126,ok,D
4000072,"Drops of Jupiter","Train",A,0.77,A,D,86,ok,A
4000074,"Patience","Take That",Em,1,Em,Em,124,ok,Em
4000087,"Hero","Mariah Carey",C,1,C,C,97,ok,C
4000089,"Jailhouse Rock","Elvis Presley",E,1,Eb,E,76,ok,E
4000090,"Mustang Sally","Wilson Pickett",C,1,C,C,108,ok,C
4000092,"Can You Feel The Love Tonight","Elton John",A,1,A,A,134,ok,A
4000095,"My Way","Frank Sinatra",D,1,D,D,100,ok,D
4000096,"All of Me","John Legend",Em,0.38,Em,D,124,low-confidence,Em
4000097,"Hello","Lionel Richie",Am,1,Am,A,102,ok,Am
4000098,"Stand By Me","Ben E. King",A,1,A,A,58,ok,A
4000099,"Angels","Robbie Williams",D,1,D,D,71,ok,D
4000100,"Show me The Meaning of Being Lonely","Backstreet Boys",Em,0.44,Em,F#m,126,low-confidence,Em
4000101,"I Will Survive","Gloria Gaynor",F#m,1,Db,F#m,101,ok,F#m
4000102,"Bitch","Meredith Brooks",A,0.65,A,D,89,ok,A
4000103,"Back For Good","Take That",F,1,F,F,145,ok,F
4000104,"The Winner Takes it All","ABBA",C,0.75,F,C,95,ok,C
4000105,"Wake Me Up Before You Go-Go","Wham",C,1,C,C,115,ok,C
4000106,"Hey Baby (I Wanna Know if You'll be my Girl)","DJ Otzi",A,0.38,F#m,Bb,152,low-confidence,A
4000107,"Part Time Lover","Stevie Wonder",Am,1,Am,Em,123,ok,Am
4000108,"Don't Stop Me Now","Queen",F,1,F,Bb,130,ok,F
4000109,"Thinking Out Loud","Ed Sheeran",C,1,C,C,171,ok,C
4000110,"Always","Bon Jovi",C,0.67,C,G,106,ok,C
4000111,"To The Moon and Back","Savage Garden",Em,0.46,G,Em,92,low-confidence,Em
4000112,"High","Lighthouse Family",C,1,C,C,117,ok,C
4000113,"Torn","Natalie Imbruglia",F,0.87,F,Dm,79,ok,F
4000114,"Halo","Beyonce",G,0.62,G,G,72,ok,G
4000115,"Hit The Road Jack","Ray Charles",Am,1,Am,Am,157,ok,Am
4000116,"The Way","Fastball",Em,1,Em,Em,99,ok,Em
4000117,"Father and Son","Cat Stevens",G,1,G,G,123,ok,G
4000118,"Wind Of Change","Scorpions",C,0.64,F,Dm,123,ok,C
4000119,"When You Say Nothing At All","Ronan Keating",D,0.4,G,D,150,low-confidence,D
4000120,"I Want it That Way","Backstreet Boys",Em,1,Em,A,120,ok,Em
4000121,"Think","Aretha Franklin",Bb,0.85,Bb,C,104,ok,Bb
4000122,"Uptown Girl","Billy Joel",C,1,C,Em,112,ok,C
4000123,"I'll Be There For You (Theme from Friends)","The Rembrandts",A,1,A,A,98,ok,A
4000124,"What You're Made Of","Lucie Silvas",Em,0.98,Em,C,119,ok,Em
4000125,"Les Champs Élysées","Joe Dassin",E,1,E,E,137,ok,E
4000126,"Livin' La Vida Loca","Ricky Martin",Bm,1,Bm,Bm,88,ok,Bm
4000127,"Unbreak My Heart","Toni Braxton",A,0.66,Bm,A,113,ok,A
4000128,"Total Eclipse of The Heart","Bonnie Tyler",G,1,Am,G,129,ok,G
4000129,"Because of You","Kelly Clarkson",D,0.37,Em,E,106,low-confidence,D
4000130,"Forever Young","Alphaville",C,0.7,C,G,122,ok,C
4000131,"Karma Chameleon","Culture Club",E,0.84,E,E,114,ok,E
4000132,"Perfect","Ed Sheeran",G,1,G,G,110,ok,G
4000133,"Somewhere Only We Know","Keane",A,1,A,A,92,ok,A
4000134,"Those Magic Changes","Sha Na Na",A,1,A,A,63,ok,A
4000135,"Shallow","Lady Gaga and Bradley Cooper",G,0.36,Em,Em,112,low-confidence,G
4000136,"Listen","Beyonce",A,1,A,A,83,ok,A
4000137,"As Long As You Love Me","Backstreet Boys",C,1,F,C,104,ok,C
4000138,"Careless Whisper","George Michael",Am,1,Am,Em,18,ok,Am
4000139,"Could I Have This Kiss Forever","Enrique Iglesias and Whitney Houston",F,0.73,Am,Bbm,80,ok,F
4000140,"I Don't Want To Miss a Thing","Aerosmith",C,1,C,C,88,ok,C
4000141,"Jolene","Dolly Parton",Am,1,Am,Am,104,ok,Am
4000142,"Imitation of Life","REM",Em,0.93,Em,Em,140,ok,Em
4000143,"Breakfast at Tiffany's","Deep Blue Something",D,1,D,D,133,ok,D
4000144,"This is The Life","Amy McDonald",Am,1,Am,Am,72,ok,Am
4000145,"La Isla Bonita","Madonna",Dm,1,Dm,Dm,180,ok,Dm
4000146,"Mamma Mia","ABBA",D,1,D,D,139,ok,D
4000147,"Honesty","Billy Joel",A,1,Am,A,138,ok,A
4000148,"Gimme, Gimme, Gimme","ABBA",Dm,1,Dm,Dm,72,ok,Dm
4000149,"YMCA","The Village People",F,0.47,C,F,87,low-confidence,F
4000150,"Just The Way You Are","Billy Joel",D,1,D,D,188,ok,D
4000151,"Gangsta's Paradise","Coolio",Cm,1,Ab,Cm,20,ok,Cm
4000152,"Happy Birthday","Eden",A,0.69,A,Db,76,ok,A
4000153,"It's Not Unusual","Tom Jones",C,0.97,C,Dm,65,ok,C
4000154,"Mambo No. 5","Lou Bega",D,0.94,Em,D,75,ok,D
4000155,"Hold The Line","Toto",A,0.34,F#m,E,205,low-confidence,A
4000156,"Can't Take My Eyes Off You","Frankie Valli",D,1,D,C,75,ok,D
4000157,"Send Me an Angel","Scorpions",Dm,0.56,Dm,Em,135,ok,Dm
4000158,"Just Can't Get Enough","Depeche Mode",G,0.98,G,C,49,ok,G
4000159,"The Longest Time","Billy Joel",C,1,C,C,129,ok,C
4000160,"It Must Have Been Love","Roxette",C,1,C,C,87,ok,C
4000161,"Listen To Your Heart","Roxette",Am,1,Am,F#m,115,ok,Am
4000162,"Alone","Heart",Dm,0.54,Dm,Dm,150,low-confidence,Dm
4000163,"Truly Madly Deeply","Savage Garden",C,0.52,C,G,79,low-confidence,C
4000164,"Everybody Needs Somebody To Love","The Blues Brothers",F,0.5,C,C,43,low-confidence,F
4000165,"Shake A Tail Feather","Ray Charles",D,1,D,G,81,ok,D
4000166,"Rawhide","The Blues Brothers",Bbm,1,Am,Bbm,108,ok,Bbm
4000167,"The Other End of Time","Toto",Gm,0.59,Gm,Eb,107,ok,Gm
4000168,"You Raise Me Up","Josh Groban",D,1,D,F,122,ok,D
4000169,"50 Ways To Say Goodbye","Train",Am,0.61,Am,G,140,ok,Am
4000170,"Circle Of Life","Elton John",A,1,A,A,97,ok,A
4000171,"In My Life","The Beatles",A,1,A,A,91,ok,A
4000172,"It's My Life","Bon Jovi",Cm,1,Cm,Bb,122,ok,Cm
4000173,"Dancing Queen","ABBA",A,1,A,D,126,ok,A
4000174,"I'm So Excited","The Pointer Sisters",Gm,1,Gm,Gm,78,ok,Gm
4000175,"Open Road","Gary Barlow",C,1,Dm,C,141,ok,C
4000176,"Supreme","Robbie Williams",Dm,1,Dm,A,87,ok,Dm
4000177,"Feel","Robbie Williams",Dm,1,Dm,Dm,146,ok,Dm
4000178,"Underneath Your Clothes","Shakira",G,1,G,Em,119,ok,G
4000179,"Hopelessly Devoted To You","Olivia Newton John",A,1,Dm,F,83,ok,A
4000180,"Skyfall","Adele",Cm,1,Cm,Cm,115,ok,Cm
4000181,"Feeling Good","Muse",Am,1,E,Am,46,ok,Am
4000182,"We Are The Champions","Queen",Cm,0.69,Cm,Cm,105,ok,Cm
4000183,"Nothing's Gonna Change My Love For You","Glenn Medeiros",C,0.99,C,D,121,ok,C
4000184,"Lemon Tree","Fool's Garden",Em,0.7,Em,G,108,ok,Em
4000185,"Top of The World","The Carpenters",C,1,C,C,133,ok,C
4000186,"Always Remember Us This Way","Lady Gaga",C,0.88,Am,C,73,ok,C
4000187,"All I Ask","Adele",E,1,E,F,111,ok,E
4000188,"No Me Ames","Jennifer Lopez & Marc Anthony",C,1,C,Am,132,ok,C
4000189,"Piu Che Puoi","Eros Ramazzotti and Cher",Bm,1,Am,Bm,106,ok,Bm
4000190,"Turn The Lights Back On","Billy Joel",C,1,C,C,164,ok,C
4000191,"Shivers","Ed Sheeran",Am,0.54,Am,G,64,low-confidence,Am
4000192,"When You're Gone","Bryan Adams and Melanie C",C,0.75,Dm,F,106,ok,C
4000193,"Uptown Funk","Bruno Mars",Dm,1,Dm,Dm,77,ok,Dm
4000194,"A Sky Full Of Stars","Coldplay",F,1,F,F,93,ok,F
4000195,"Somewhere Only We Know","Lily Allen",Bb,1,Bb,Bb,82,ok,Bb
4000196,"Mon Amour","Slimane",Bm,1,Bm,Bm,83,ok,Bm
4000197,"Voila","Barbara Pravi",Dm,1,Dm,Dm,78,ok,Dm
4000198,"Flying Without Wings","Westlife",G,1,G,G,48,ok,G
4000199,"Twist And Shout","The Beatles",D,1,D,D,87,ok,D
4000200,"Have You Ever Seen The Rain","Creedence Clearwater Revival",C,1,Am,C,62,ok,C
4000201,"Does Your Mother Know","ABBA",G,1,G,G,139,ok,G
4000202,"Waterloo","ABBA",D,1,D,D,80,ok,D
4000203,"Super Trouper","ABBA",C,1,C,C,128,ok,C
4000204,"Thank You For The Music","ABBA",E,1,E,E,150,ok,E
4000205,"Money Money Money","ABBA",Am,1,Am,Bbm,123,ok,Am
4000206,"Take A Chance On Me","ABBA",C,1,C,C,63,ok,C
4000207,"Summer Night City","ABBA",Dm,0.96,Dm,Dm,82,ok,Dm
4000208,"Lay All Your Love On Me","ABBA",Dm,1,Dm,F,152,ok,Dm
4000209,"SOS","ABBA",Dm,1,Dm,Dm,148,ok,Dm
4000210,"I Have A Dream","ABBA",A,1,A,A,81,ok,A
4000211,"Voulez Vous","ABBA",Em,1,B,Em,102,ok,Em
4000212,"Chiquitita","ABBA",A,1,A,D,147,ok,A
4000213,"Fernando","ABBA",A,1,A,A,79,ok,A
